-- Facility Manager — schema + dữ liệu mẫu (users, RBAC menu, phòng, tài sản, …).
-- Import: mysql -u root -p --default-character-set=utf8mb4 < database/mysql/schema.sql
-- TKB (tùy chọn): mysql -u root -p --default-character-set=utf8mb4 < database/mysql/seed_tkb.sql

DROP DATABASE IF EXISTS asset_management;
CREATE DATABASE asset_management
  CHARACTER SET utf8mb4
  COLLATE utf8mb4_unicode_ci;

USE asset_management;

SET NAMES utf8mb4;
SET FOREIGN_KEY_CHECKS = 0;

-- Bảng: users
CREATE TABLE `users` (
  `id` bigint unsigned NOT NULL AUTO_INCREMENT,
  `username` varchar(100) COLLATE utf8mb4_unicode_ci NOT NULL,
  `password_hash` varchar(255) COLLATE utf8mb4_unicode_ci NOT NULL,
  `full_name` varchar(150) COLLATE utf8mb4_unicode_ci NOT NULL,
  `address` varchar(255) COLLATE utf8mb4_unicode_ci DEFAULT NULL,
  `phone_number` varchar(30) COLLATE utf8mb4_unicode_ci DEFAULT NULL,
  `role` varchar(30) COLLATE utf8mb4_unicode_ci NOT NULL,
  `status` varchar(20) COLLATE utf8mb4_unicode_ci NOT NULL DEFAULT 'ACTIVE',
  `avatar_url` varchar(255) COLLATE utf8mb4_unicode_ci DEFAULT NULL,
  `created_at` datetime NOT NULL DEFAULT CURRENT_TIMESTAMP,
  `updated_at` datetime NOT NULL DEFAULT CURRENT_TIMESTAMP ON UPDATE CURRENT_TIMESTAMP,
  PRIMARY KEY (`id`),
  UNIQUE KEY `uk_users_username` (`username`),
  KEY `idx_users_role` (`role`)
) ENGINE=InnoDB AUTO_INCREMENT=51 DEFAULT CHARSET=utf8mb4 COLLATE=utf8mb4_unicode_ci;

-- Mật khẩu demo: 123456 (trừ hieutruong: ******). Đăng nhập bằng cột username.
INSERT INTO `users` (`id`, `username`, `password_hash`, `full_name`, `address`, `phone_number`, `role`, `status`, `avatar_url`, `created_at`, `updated_at`) VALUES
(1, 'adminutc2', '123456', 'Nguyễn Minh Tuấn', 'TP. Hồ Chí Minh', '0909100001', 'ADMIN', 'ACTIVE', '/assets/images/avatar/avatar_1.jpg', '2026-05-12 14:31:56', '2026-05-12 14:31:56'),
(2, 'hieutruong', '******', 'Trần Thị Lan Anh', 'TP. Hồ Chí Minh', '0909100002', 'Hiệu trưởng', 'ACTIVE', '/assets/images/avatar/avatar_2.jpg', '2026-05-12 14:31:56', '2026-05-13 04:15:17'),
(3, 'nv001', '123456', 'Lê Văn Hùng', 'TP. Hồ Chí Minh', '0909100003', 'STAFF', 'ACTIVE', '/assets/images/avatar/avatar_3.jpg', '2026-05-12 14:31:56', '2026-05-12 14:31:56'),
(4, 'nv002', '123456', 'Phạm Thị Mai', 'TP. Hồ Chí Minh', '0909100004', 'STAFF', 'ACTIVE', '/assets/images/avatar/avatar_4.jpg', '2026-05-12 14:31:56', '2026-05-12 14:31:56'),
(5, 'nv003', '123456', 'Võ Hoàng Nam', 'TP. Hồ Chí Minh', '0909100005', 'STAFF', 'ACTIVE', '/assets/images/avatar/avatar_5.jpg', '2026-05-12 14:31:56', '2026-05-12 14:31:56'),
(6, 'truongkhoa001', '123456', 'Nguyễn Đức Thắng', 'TP. Hồ Chí Minh', '0909100006', 'MANAGER', 'ACTIVE', '/assets/images/avatar/avatar_6.jpg', '2026-05-12 14:31:56', '2026-05-12 14:31:56'),
(7, 'truongkhoa002', '123456', 'Bùi Thị Hồng Nhung', 'TP. Hồ Chí Minh', '0909100007', 'MANAGER', 'ACTIVE', '/assets/images/avatar/avatar_7.jpg', '2026-05-12 14:31:56', '2026-05-12 14:31:56'),
(8, 'truongkhoa003', '123456', 'Hoàng Văn Bình', 'TP. Hồ Chí Minh', '0909100008', 'MANAGER', 'ACTIVE', '/assets/images/avatar/avatar_8.jpg', '2026-05-12 14:31:56', '2026-05-12 14:31:56'),
(9, 'truongkhoa004', '123456', 'Đặng Thị Thu Hằng', 'TP. Hồ Chí Minh', '0909100009', 'MANAGER', 'ACTIVE', '/assets/images/avatar/avatar_9.jpg', '2026-05-12 14:31:56', '2026-05-12 14:31:56'),
(10, 'truongkhoa005', '123456', 'Phan Minh Khoa', 'TP. Hồ Chí Minh', '0909100010', 'MANAGER', 'ACTIVE', '/assets/images/avatar/avatar_10.jpg', '2026-05-12 14:31:56', '2026-05-12 14:31:56'),
(11, 'gv001', '123456', 'Nguyễn Thị Bích Thủy', 'TP. Hồ Chí Minh', '0909100011', 'STAFF', 'ACTIVE', '/assets/images/avatar/avatar_11.jpg', '2026-05-12 14:31:56', '2026-05-12 14:31:56'),
(12, 'gv002', '123456', 'Trần Quốc Việt', 'TP. Hồ Chí Minh', '0909100012', 'STAFF', 'ACTIVE', '/assets/images/avatar/avatar_12.jpg', '2026-05-12 14:31:56', '2026-05-12 14:31:56'),
(13, 'gv003', '123456', 'Lý Thị Kim Phụng', 'TP. Hồ Chí Minh', '0909100013', 'STAFF', 'ACTIVE', '/assets/images/avatar/avatar_13.jpg', '2026-05-12 14:31:56', '2026-05-12 14:31:56'),
(14, 'gv004', '123456', 'Vũ Thanh Tùng', 'TP. Hồ Chí Minh', '0909100014', 'STAFF', 'ACTIVE', '/assets/images/avatar/avatar_14.jpg', '2026-05-12 14:31:56', '2026-05-12 14:31:56'),
(15, 'gv005', '123456', 'Đỗ Minh Phúc', 'TP. Hồ Chí Minh', '0909100015', 'STAFF', 'ACTIVE', '/assets/images/avatar/avatar_15.jpg', '2026-05-12 14:31:56', '2026-05-12 14:31:56'),
(16, 'nv004', '123456', 'Ngô Thị Lan', 'TP. Hồ Chí Minh', '0909100016', 'STAFF', 'ACTIVE', '/assets/images/avatar/avatar_16.jpg', '2026-05-12 14:31:56', '2026-05-12 14:31:56'),
(17, 'nv005', '123456', 'Cao Văn Dũng', 'TP. Hồ Chí Minh', '0909100017', 'STAFF', 'ACTIVE', '/assets/images/avatar/avatar_17.jpg', '2026-05-12 14:31:56', '2026-05-12 14:31:56'),
(18, 'gv006', '123456', 'Phan Thị Tuyết', 'TP. Hồ Chí Minh', '0909100018', 'STAFF', 'ACTIVE', '/assets/images/avatar/avatar_18.jpg', '2026-05-12 14:31:56', '2026-05-12 14:31:56'),
(19, 'gv007', '123456', 'Lê Hoàng Sơn', 'TP. Hồ Chí Minh', '0909100019', 'STAFF', 'ACTIVE', '/assets/images/avatar/avatar_19.jpg', '2026-05-12 14:31:56', '2026-05-12 14:31:56'),
(20, 'gv008', '123456', 'Đinh Thị Hoa', 'TP. Hồ Chí Minh', '0909100020', 'STAFF', 'ACTIVE', '/assets/images/avatar/avatar_20.jpg', '2026-05-12 14:31:56', '2026-05-12 14:31:56'),
(21, 'sv001', '123456', 'Nguyễn Văn An', 'TP. Hồ Chí Minh', '0909200001', 'STUDENT', 'ACTIVE', '/assets/images/avatar/avatar_21.jpg', '2026-05-12 14:31:56', '2026-05-12 14:31:56'),
(22, 'sv002', '123456', 'Trần Thị Bảo', 'TP. Hồ Chí Minh', '0909200002', 'STUDENT', 'ACTIVE', '/assets/images/avatar/avatar_22.jpg', '2026-05-12 14:31:56', '2026-05-12 14:31:56'),
(23, 'sv003', '123456', 'Lê Minh Châu', 'TP. Hồ Chí Minh', '0909200003', 'STUDENT', 'ACTIVE', '/assets/images/avatar/avatar_23.jpg', '2026-05-12 14:31:56', '2026-05-12 14:31:56'),
(24, 'sv004', '123456', 'Phạm Văn Đạt', 'TP. Hồ Chí Minh', '0909200004', 'STUDENT', 'ACTIVE', '/assets/images/avatar/avatar_24.jpg', '2026-05-12 14:31:56', '2026-05-12 14:31:56'),
(25, 'sv005', '123456', 'Võ Thị Ê', 'TP. Hồ Chí Minh', '0909200005', 'STUDENT', 'ACTIVE', '/assets/images/avatar/avatar_25.jpg', '2026-05-12 14:31:56', '2026-05-12 14:31:56'),
(26, 'sv006', '123456', 'Hoàng Văn Phong', 'TP. Hồ Chí Minh', '0909200006', 'STUDENT', 'ACTIVE', '/assets/images/avatar/avatar_26.jpg', '2026-05-12 14:31:56', '2026-05-12 14:31:56'),
(27, 'sv007', '123456', 'Đặng Thị Giang', 'TP. Hồ Chí Minh', '0909200007', 'STUDENT', 'ACTIVE', '/assets/images/avatar/avatar_27.jpg', '2026-05-12 14:31:56', '2026-05-12 14:31:56'),
(28, 'sv008', '123456', 'Ngô Minh Hiếu', 'TP. Hồ Chí Minh', '0909200008', 'STUDENT', 'ACTIVE', '/assets/images/avatar/avatar_28.jpg', '2026-05-12 14:31:56', '2026-05-12 14:31:56'),
(29, 'sv009', '123456', 'Bùi Văn Ích', 'TP. Hồ Chí Minh', '0909200009', 'STUDENT', 'ACTIVE', '/assets/images/avatar/avatar_29.jpg', '2026-05-12 14:31:56', '2026-05-12 14:31:56'),
(30, 'sv010', '123456', 'Cao Thị Kim', 'TP. Hồ Chí Minh', '0909200010', 'STUDENT', 'ACTIVE', '/assets/images/avatar/avatar_30.jpg', '2026-05-12 14:31:56', '2026-05-12 14:31:56'),
(31, 'gv009', '123456', 'Trương Văn Lâm', 'TP. Hồ Chí Minh', '0909100031', 'STAFF', 'ACTIVE', '/assets/images/avatar/avatar_31.jpg', '2026-05-12 14:31:56', '2026-05-12 14:31:56'),
(32, 'gv010', '123456', 'Nguyễn Thị Mỹ', 'TP. Hồ Chí Minh', '0909100032', 'STAFF', 'ACTIVE', '/assets/images/avatar/avatar_32.jpg', '2026-05-12 14:31:56', '2026-05-12 14:31:56'),
(33, 'nv006', '123456', 'Lê Văn Nghĩa', 'TP. Hồ Chí Minh', '0909100033', 'STAFF', 'ACTIVE', '/assets/images/avatar/avatar_33.jpg', '2026-05-12 14:31:56', '2026-05-12 14:31:56'),
(34, 'nv007', '123456', 'Phạm Thị Oanh', 'TP. Hồ Chí Minh', '0909100034', 'STAFF', 'ACTIVE', '/assets/images/avatar/avatar_34.jpg', '2026-05-12 14:31:56', '2026-05-12 14:31:56'),
(35, 'gv011', '123456', 'Vũ Hoàng Phát', 'TP. Hồ Chí Minh', '0909100035', 'STAFF', 'ACTIVE', '/assets/images/avatar/avatar_35.jpg', '2026-05-12 14:31:56', '2026-05-12 14:31:56'),
(36, 'gv012', '123456', 'Đỗ Thị Quỳnh', 'TP. Hồ Chí Minh', '0909100036', 'STAFF', 'ACTIVE', '/assets/images/avatar/avatar_36.jpg', '2026-05-12 14:31:56', '2026-05-12 14:31:56'),
(37, 'gv013', '123456', 'Ngô Văn Rạng', 'TP. Hồ Chí Minh', '0909100037', 'STAFF', 'ACTIVE', '/assets/images/avatar/avatar_37.jpg', '2026-05-12 14:31:56', '2026-05-12 14:31:56'),
(38, 'gv014', '123456', 'Bùi Thị Sen', 'TP. Hồ Chí Minh', '0909100038', 'STAFF', 'ACTIVE', '/assets/images/avatar/avatar_38.jpg', '2026-05-12 14:31:56', '2026-05-12 14:31:56'),
(39, 'gv015', '123456', 'Cao Minh Tiến', 'TP. Hồ Chí Minh', '0909100039', 'STAFF', 'ACTIVE', '/assets/images/avatar/avatar_39.jpg', '2026-05-12 14:31:56', '2026-05-12 14:31:56'),
(40, 'gv016', '123456', 'Trần Thị Uyên', 'TP. Hồ Chí Minh', '0909100040', 'STAFF', 'ACTIVE', '/assets/images/avatar/avatar_40.jpg', '2026-05-12 14:31:56', '2026-05-12 14:31:56'),
(41, 'sv011', '123456', 'Lý Văn Vinh', 'TP. Hồ Chí Minh', '0909200041', 'STUDENT', 'ACTIVE', '/assets/images/avatar/avatar_41.jpg', '2026-05-12 14:31:56', '2026-05-12 14:31:56'),
(42, 'sv012', '123456', 'Đinh Thị Xuân', 'TP. Hồ Chí Minh', '0909200042', 'STUDENT', 'ACTIVE', '/assets/images/avatar/avatar_42.jpg', '2026-05-12 14:31:56', '2026-05-12 14:31:56'),
(43, 'sv013', '123456', 'Nguyễn Văn Yên', 'TP. Hồ Chí Minh', '0909200043', 'STUDENT', 'ACTIVE', '/assets/images/avatar/avatar_43.jpg', '2026-05-12 14:31:56', '2026-05-12 14:31:56'),
(44, 'sv014', '123456', 'Trần Thị Zung', 'TP. Hồ Chí Minh', '0909200044', 'STUDENT', 'ACTIVE', '/assets/images/avatar/avatar_44.jpg', '2026-05-12 14:31:56', '2026-05-12 14:31:56'),
(45, 'sv015', '123456', 'Lê Văn Anh', 'TP. Hồ Chí Minh', '0909200045', 'STUDENT', 'ACTIVE', '/assets/images/avatar/avatar_45.jpg', '2026-05-12 14:31:56', '2026-05-12 14:31:56'),
(46, 'sv016', '123456', 'Phạm Thị Bình', 'TP. Hồ Chí Minh', '0909200046', 'STUDENT', 'ACTIVE', '/assets/images/avatar/avatar_46.jpg', '2026-05-12 14:31:56', '2026-05-12 14:31:56'),
(47, 'sv017', '123456', 'Võ Văn Cường', 'TP. Hồ Chí Minh', '0909200047', 'STUDENT', 'ACTIVE', '/assets/images/avatar/avatar_47.jpg', '2026-05-12 14:31:56', '2026-05-12 14:31:56'),
(48, 'sv018', '123456', 'Hoàng Thị Diệu', 'TP. Hồ Chí Minh', '0909200048', 'STUDENT', 'ACTIVE', '/assets/images/avatar/avatar_48.jpg', '2026-05-12 14:31:56', '2026-05-12 14:31:56'),
(49, 'sv019', '123456', 'Đặng Văn Em', 'TP. Hồ Chí Minh', '0909200049', 'STUDENT', 'ACTIVE', '/assets/images/avatar/avatar_49.jpg', '2026-05-12 14:31:56', '2026-05-12 14:31:56'),
(50, 'nv008', '123456', 'Nguyễn Thị Demo 50', 'TP. Hồ Chí Minh', '0909200050', 'STAFF', 'ACTIVE', '/assets/images/avatar/avatar_50.jpg', '2026-05-12 14:31:56', '2026-05-12 14:31:56');

-- Bảng: categories
CREATE TABLE `categories` (
  `id` bigint unsigned NOT NULL AUTO_INCREMENT,
  `code` varchar(50) COLLATE utf8mb4_unicode_ci NOT NULL,
  `name` varchar(150) COLLATE utf8mb4_unicode_ci NOT NULL,
  `type` varchar(50) COLLATE utf8mb4_unicode_ci DEFAULT NULL,
  `created_at` datetime NOT NULL DEFAULT CURRENT_TIMESTAMP,
  `updated_at` datetime NOT NULL DEFAULT CURRENT_TIMESTAMP ON UPDATE CURRENT_TIMESTAMP,
  PRIMARY KEY (`id`),
  UNIQUE KEY `uk_categories_code` (`code`)
) ENGINE=InnoDB AUTO_INCREMENT=51 DEFAULT CHARSET=utf8mb4 COLLATE=utf8mb4_unicode_ci;

INSERT INTO `categories` (`id`, `code`, `name`, `type`, `created_at`, `updated_at`) VALUES
(1, 'MAY_CHIEU', 'Máy chiếu', 'ASSET', '2026-05-12 14:31:56', '2026-05-12 14:31:56'),
(2, 'LOA_AM_TRAN', 'Loa âm trần', 'ASSET', '2026-05-12 14:31:56', '2026-05-12 14:31:56'),
(3, 'MICRO_KHONG_DAY', 'Micro không dây', 'ASSET', '2026-05-12 14:31:56', '2026-05-12 14:31:56'),
(4, 'MAY_LANH', 'Máy lạnh', 'ASSET', '2026-05-12 14:31:56', '2026-05-12 14:31:56'),
(5, 'QUAT_TRAN', 'Quạt trần', 'ASSET', '2026-05-12 14:31:56', '2026-05-12 14:31:56'),
(6, 'BAN_HOC', 'Bàn học', 'ASSET', '2026-05-12 14:31:56', '2026-05-12 14:31:56'),
(7, 'GHE_HOC', 'Ghế học', 'ASSET', '2026-05-12 14:31:56', '2026-05-12 14:31:56'),
(8, 'BANG_TRANG', 'Bảng trắng', 'ASSET', '2026-05-12 14:31:56', '2026-05-12 14:31:56'),
(9, 'MAY_TINH_DE_BAN', 'Máy tính để bàn', 'ASSET', '2026-05-12 14:31:56', '2026-05-12 14:31:56'),
(10, 'MAN_CHIEU', 'Màn chiếu', 'ASSET', '2026-05-12 14:31:56', '2026-05-12 14:31:56'),
(11, 'BO_PHAT_WIFI', 'Bộ phát WiFi', 'ASSET', '2026-05-12 14:31:56', '2026-05-12 14:31:56'),
(12, 'CAMERA_GIAM_SAT', 'Camera giám sát', 'ASSET', '2026-05-12 14:31:56', '2026-05-12 14:31:56'),
(13, 'TU_TAI_LIEU', 'Tủ tài liệu', 'ASSET', '2026-05-12 14:31:56', '2026-05-12 14:31:56'),
(14, 'THIET_BI_THUC_HANH_DIEN', 'Thiết bị thực hành điện', 'ASSET', '2026-05-12 14:31:56', '2026-05-12 14:31:56'),
(15, 'THIET_BI_THUC_HANH_O_TO', 'Thiết bị thực hành ô tô', 'ASSET', '2026-05-12 14:31:56', '2026-05-12 14:31:56'),
(16, 'BO_MO_PHONG_CO_DIEN_TU', 'Bộ mô phỏng cơ điện tử', 'ASSET', '2026-05-12 14:31:56', '2026-05-12 14:31:56'),
(17, 'BAN_VE_STUDIO', 'Bàn vẽ studio', 'ASSET', '2026-05-12 14:31:56', '2026-05-12 14:31:56'),
(18, 'DEN_CHIEU_SANG_LED', 'Đèn chiếu sáng LED', 'ASSET', '2026-05-12 14:31:56', '2026-05-12 14:31:56'),
(19, 'ON_AP_PHONG_MAY', 'Ổn áp phòng máy', 'ASSET', '2026-05-12 14:31:56', '2026-05-12 14:31:56'),
(20, 'BUC_GIANG', 'Bục giảng', 'ASSET', '2026-05-12 14:31:56', '2026-05-12 14:31:56'),
(21, 'NGAN_SACH', 'NGAN_SACH', 'FUND_SOURCE', '2026-05-12 14:31:56', '2026-05-12 14:31:56'),
(22, 'DU_AN', 'DU_AN', 'FUND_SOURCE', '2026-05-12 14:31:56', '2026-05-12 14:31:56'),
(23, 'TAI_TRO', 'TAI_TRO', 'FUND_SOURCE', '2026-05-12 14:31:56', '2026-05-12 14:31:56'),
(24, 'XHH', 'XHH', 'FUND_SOURCE', '2026-05-12 14:31:56', '2026-05-12 14:31:56'),
(25, 'NGHIEN_CUU', 'NGHIEN_CUU', 'FUND_SOURCE', '2026-05-12 14:31:56', '2026-05-12 14:31:56'),
(26, 'BAO_TRI', 'BAO_TRI', 'FUND_SOURCE', '2026-05-12 14:31:56', '2026-05-12 14:31:56'),
(27, 'NANG_CAP', 'NANG_CAP', 'FUND_SOURCE', '2026-05-12 14:31:56', '2026-05-12 14:31:56'),
(28, 'MUA_SAM_TAP_TRUNG', 'MUA_SAM_TAP_TRUNG', 'FUND_SOURCE', '2026-05-12 14:31:56', '2026-05-12 14:31:56'),
(29, 'THU_HOC_PHI', 'THU_HOC_PHI', 'FUND_SOURCE', '2026-05-12 14:31:56', '2026-05-12 14:31:56'),
(30, 'THU_SU_NGHIEP', 'THU_SU_NGHIEP', 'FUND_SOURCE', '2026-05-12 14:31:56', '2026-05-12 14:31:56'),
(31, 'MAY_IN', 'Máy in', 'ASSET', '2026-05-12 14:31:56', '2026-05-12 14:31:56'),
(32, 'MAY_PHOTOCOPY', 'Máy photocopy', 'ASSET', '2026-05-12 14:31:56', '2026-05-12 14:31:56'),
(33, 'SWITCH_MANG', 'Switch mạng', 'ASSET', '2026-05-12 14:31:56', '2026-05-12 14:31:56'),
(34, 'TU_RACK', 'Tủ rack', 'ASSET', '2026-05-12 14:31:56', '2026-05-12 14:31:56'),
(35, 'MAN_HINH_TUONG_TAC', 'Màn hình tương tác', 'ASSET', '2026-05-12 14:31:56', '2026-05-12 14:31:56'),
(36, 'BAN_THI_NGHIEM', 'Bàn thí nghiệm', 'ASSET', '2026-05-12 14:31:56', '2026-05-12 14:31:56'),
(37, 'GHE_XOAY_PHONG_LAB', 'Ghế xoay phòng lab', 'ASSET', '2026-05-12 14:31:56', '2026-05-12 14:31:56'),
(38, 'KE_DUNG_CU_CO_KHI', 'Kệ dụng cụ cơ khí', 'ASSET', '2026-05-12 14:31:56', '2026-05-12 14:31:56'),
(39, 'BO_DO_NGHE_SUA_CHUA', 'Bộ đồ nghề sửa chữa', 'ASSET', '2026-05-12 14:31:56', '2026-05-12 14:31:56'),
(40, 'MO_HINH_DONG_CO', 'Mô hình động cơ', 'ASSET', '2026-05-12 14:31:56', '2026-05-12 14:31:56'),
(41, 'NAP_CHE_DAY_DIEN', 'Nắp che dây điện', 'ASSET', '2026-05-12 14:31:56', '2026-05-12 14:31:56'),
(42, 'BO_UPS', 'Bộ UPS', 'ASSET', '2026-05-12 14:31:56', '2026-05-12 14:31:56'),
(43, 'MAY_HUT_AM', 'Máy hút ẩm', 'ASSET', '2026-05-12 14:31:56', '2026-05-12 14:31:56'),
(44, 'CAM_BIEN_NHIET_DO', 'Cảm biến nhiệt độ', 'ASSET', '2026-05-12 14:31:56', '2026-05-12 14:31:56'),
(45, 'THIET_BI_CHAM_CONG', 'Thiết bị chấm công', 'ASSET', '2026-05-12 14:31:56', '2026-05-12 14:31:56'),
(46, 'NOI_THAT_LOP_HOC', 'Nội thất lớp học', 'ASSET', '2026-05-12 14:31:56', '2026-05-12 14:31:56'),
(47, 'VAT_TU_TIEU_HAO', 'Vật tư tiêu hao', 'ASSET', '2026-05-12 14:31:56', '2026-05-12 14:31:56'),
(48, 'KINH_PHI_SUA_CHUA', 'Kinh phí sửa chữa', 'FUND_SOURCE', '2026-05-12 14:31:56', '2026-05-12 14:31:56'),
(49, 'KINH_PHI_THANH_LY', 'Kinh phí thanh lý', 'FUND_SOURCE', '2026-05-12 14:31:56', '2026-05-12 14:31:56');

-- Bảng: rooms
CREATE TABLE `rooms` (
  `id` bigint unsigned NOT NULL AUTO_INCREMENT,
  `room_code` varchar(50) COLLATE utf8mb4_unicode_ci NOT NULL,
  `building_code` varchar(30) COLLATE utf8mb4_unicode_ci NOT NULL,
  `floor` int NOT NULL,
  `class_using` varchar(100) COLLATE utf8mb4_unicode_ci DEFAULT NULL,
  `department` varchar(150) COLLATE utf8mb4_unicode_ci DEFAULT NULL,
  `capacity` int NOT NULL,
  `status` varchar(30) COLLATE utf8mb4_unicode_ci NOT NULL,
  `teacher_name` varchar(150) COLLATE utf8mb4_unicode_ci DEFAULT NULL,
  `class_studying` varchar(100) COLLATE utf8mb4_unicode_ci DEFAULT NULL,
  `desk_count` int NOT NULL DEFAULT '0',
  `chair_count` int NOT NULL DEFAULT '0',
  `speaker_count` int NOT NULL DEFAULT '0',
  `air_conditioner_count` int NOT NULL DEFAULT '0',
  `microphone_count` int NOT NULL DEFAULT '0',
  `glass_door_status` varchar(30) COLLATE utf8mb4_unicode_ci DEFAULT NULL,
  `ceiling_fan_count` int NOT NULL DEFAULT '0',
  `curtain_status` varchar(30) COLLATE utf8mb4_unicode_ci DEFAULT NULL,
  `created_at` datetime NOT NULL DEFAULT CURRENT_TIMESTAMP,
  `updated_at` datetime NOT NULL DEFAULT CURRENT_TIMESTAMP ON UPDATE CURRENT_TIMESTAMP,
  PRIMARY KEY (`id`),
  UNIQUE KEY `uk_rooms_room_code` (`room_code`),
  KEY `idx_rooms_building_code` (`building_code`)
) ENGINE=InnoDB AUTO_INCREMENT=87 DEFAULT CHARSET=utf8mb4 COLLATE=utf8mb4_unicode_ci;

INSERT INTO `rooms` (`id`, `room_code`, `building_code`, `floor`, `class_using`, `department`, `capacity`, `status`, `teacher_name`, `class_studying`, `desk_count`, `chair_count`, `speaker_count`, `air_conditioner_count`, `microphone_count`, `glass_door_status`, `ceiling_fan_count`, `curtain_status`) VALUES
(1, 'P303C2', 'C2', 3, 'CQ.64.KTXDCTGT.1', 'Lý thuyết', 90, 'IN_USE', 'Lê Văn Phúc', 'CQ.64.KTXDCTGT.1', 45, 90, 3, 4, 2, 'INTACT', 5, 'NO'),
(2, 'P103C2', 'C2', 1, 'CQ.65.KTVTAI', 'Lý thuyết', 90, 'IN_USE', 'Lương Tuấn Anh', 'CQ.65.KTVTAI', 45, 90, 3, 4, 2, 'INTACT', 5, 'NO'),
(3, 'P302C2', 'C2', 3, 'CQ.64.TC-NH', 'Lý thuyết', 90, 'AVAILABLE', 'Hoa Ngọc Minh', 'CQ.64.TC-NH', 45, 90, 3, 4, 2, 'CRACKED', 5, 'YES'),
(4, 'P404C2', 'C2', 4, 'CQ.64.KTCĐT', 'Lý thuyết', 90, 'AVAILABLE', 'Vương Thị Huyền Diệu', 'CQ.64.KTCĐT', 45, 90, 3, 4, 2, 'INTACT', 5, 'YES'),
(5, 'P3E3', 'E3', 1, 'CQ.63.KS.CĐB', 'Thực hành điện', 35, 'IN_USE', 'Nguyễn Đức Hiếu', 'CQ.63.KS.CĐB', 35, 35, 2, 2, 1, 'INTACT', 3, 'YES'),
(6, '204DN', 'GDDN', 2, 'CQ.65.KIENTRUC', 'Giảng đường đa năng', 50, 'IN_USE', 'Lưu Vĩnh Hoàng-Hà Quang Hùng', 'CQ.65.KIENTRUC', 25, 50, 2, 2, 1, 'INTACT', 4, 'YES'),
(7, 'P104C2', 'C2', 1, 'CQ.65.KTCĐT+CKĐL', 'Lý thuyết', 90, 'IN_USE', 'Nguyễn Hữu Chí', 'CQ.65.KTCĐT+CKĐL', 45, 90, 3, 4, 2, 'INTACT', 5, 'NO'),
(8, 'P501C2', 'C2', 5, 'CQ.64.KTCĐT', 'Lý thuyết', 90, 'IN_USE', 'Nguyễn Hữu Hào', 'CQ.64.KTCĐT', 45, 90, 3, 4, 2, 'INTACT', 5, 'NO'),
(9, '304DN', 'GDDN', 3, 'CQ.66.QLDA', 'Giảng đường đa năng', 50, 'IN_USE', 'Nguyễn Đăng Điềm', 'CQ.66.QLDA', 25, 50, 2, 2, 1, 'INTACT', 4, 'YES'),
(10, '202DN', 'GDDN', 2, 'CQ.65.NKTXD.2', 'Giảng đường đa năng', 50, 'IN_USE', 'Trần Văn Thuận', 'CQ.65.NKTXD.2', 25, 50, 2, 2, 1, 'INTACT', 4, 'YES'),
(11, 'P2E4', 'E4', 1, 'CQ.65.KTĐTVT', 'Nhà E', 90, 'IN_USE', 'Ngô Thế Anh', 'CQ.65.KTĐTVT', 45, 90, 3, 4, 2, 'INTACT', 5, 'YES'),
(12, '403DN', 'GDDN', 4, 'CQ.64.VT-TMQT', 'Giảng đường đa năng', 50, 'IN_USE', 'Huỳnh Thị Thúy Kiều', 'CQ.64.VT-TMQT', 25, 50, 2, 2, 1, 'INTACT', 4, 'YES'),
(13, 'P201C2', 'C2', 2, 'CQ.65.KTOTO', 'Lý thuyết', 90, 'IN_USE', 'Nguyễn Hữu Chí', 'CQ.65.KTOTO', 45, 90, 3, 4, 2, 'INTACT', 5, 'YES'),
(14, '502DN', 'GDDN', 5, 'CQ.64.KTTH', 'Giảng đường đa năng', 50, 'AVAILABLE', 'Phạm Mỹ Quyên', 'CQ.64.KTTH', 25, 50, 2, 2, 1, 'INTACT', 4, 'YES'),
(15, '504DN', 'GDDN', 5, 'CQ.66.ĐSA', 'Giảng đường đa năng', 50, 'IN_USE', 'Võ Thị Bích Trâm', 'CQ.66.ĐSA', 25, 50, 2, 2, 1, 'INTACT', 4, 'NO'),
(16, 'P4E6', 'E6', 1, 'CQ.64.KIENTRUC', 'Kỹ thuật ô tô', 90, 'IN_USE', 'Hà Văn Anh Khoa', 'CQ.64.KIENTRUC', 45, 90, 3, 4, 2, 'INTACT', 5, 'NO'),
(17, '401DN', 'GDDN', 4, 'CQ.63.KS.KIENTRUC', 'Giảng đường đa năng', 50, 'AVAILABLE', 'Nguyễn Đăng Khoa-Trần Thị Trúc Liểu', 'CQ.63.KS.KIENTRUC', 25, 50, 2, 2, 1, 'INTACT', 4, 'NO'),
(18, '404DN', 'GDDN', 4, 'CQ.64.KTXDCTGT.1', 'Giảng đường đa năng', 50, 'IN_USE', 'Vũ Văn Toản', 'CQ.64.KTXDCTGT.1', 25, 50, 2, 2, 1, 'CRACKED', 4, 'YES'),
(19, '402DN', 'GDDN', 4, 'CQ.64.NKTXD.1', 'Giảng đường đa năng', 50, 'IN_USE', 'Vũ Việt Hưng', 'CQ.64.NKTXD.1', 25, 50, 2, 2, 1, 'INTACT', 4, 'YES'),
(20, 'P203C2', 'C2', 2, 'CQ.63.KS.KTOTO', 'Lý thuyết', 90, 'IN_USE', 'Trần Ngọc Tú', 'CQ.63.KS.KTOTO', 45, 90, 3, 4, 2, 'INTACT', 5, 'NO'),
(21, '201DN', 'GDDN', 2, 'CQ.66.CKĐL', 'Giảng đường đa năng', 50, 'IN_USE', 'Lê Hữu Đạt', 'CQ.66.CKĐL', 25, 50, 2, 2, 1, 'INTACT', 4, 'YES'),
(22, 'P503C2', 'C2', 5, 'CQ.63.KS.QLDA', 'Lý thuyết', 90, 'AVAILABLE', 'Lê Hải Quân', 'CQ.63.KS.QLDA', 45, 90, 3, 4, 2, 'INTACT', 5, 'YES'),
(23, 'P5E8', 'E8', 1, 'CQ.64.KTOTO_N_3', 'Kỹ thuật ô tô', 25, 'IN_USE', 'Trần Văn Lợi', 'CQ.64.KTOTO_N_3', 10, 18, 2, 2, 1, 'INTACT', 3, 'YES'),
(24, 'P3E4', 'E4', 1, 'CQ.65.LOGISTICS', 'B??? m??n', 90, 'IN_USE', 'Đinh Thị Thanh Bình-Lê Hoài Phong', 'CQ.65.LOGISTICS', 45, 90, 3, 4, 2, 'INTACT', 5, 'NO'),
(25, 'P202C2', 'C2', 2, 'CQ.65.KTXD_Lý', 'Lý thuyết', 90, 'IN_USE', 'Trần Thị Trúc Liểu', 'CQ.65.KTXD_Lý', 45, 90, 3, 4, 2, 'INTACT', 5, 'YES'),
(26, 'HT C1', 'C1', 1, 'CQ.65.CNTT+KTXDCTGT.2', 'Hội trường', 200, 'IN_USE', 'Phạm Văn Lương', 'CQ.65.CNTT+KTXDCTGT.2', 0, 200, 6, 9, 2, 'INTACT', 10, 'NO'),
(27, 'P304C2', 'C2', 3, 'CQ.64.KTOTO', 'Lý thuyết', 90, 'IN_USE', 'Trần Văn Lợi', 'CQ.64.KTOTO', 45, 90, 3, 4, 2, 'INTACT', 5, 'NO'),
(28, 'P2E3', 'E3', 1, 'CQ.66.KTOTO', 'Quản trị kinh doanh', 90, 'IN_USE', 'Lê Hữu Đạt', 'CQ.66.KTOTO', 45, 90, 3, 4, 2, 'INTACT', 5, 'NO'),
(29, 'P1E4', 'E4', 1, 'CQ.63.KS.MĐL', 'Bộ môn', 90, 'AVAILABLE', 'Nguyễn Hữu Hào', 'CQ.63.KS.MĐL', 45, 90, 3, 4, 2, 'INTACT', 5, 'NO'),
(30, '203DN', 'GDDN', 2, 'CQ.64.KTĐ', 'Giảng đường đa năng', 50, 'AVAILABLE', 'Ngô Thị Thu Hương', 'CQ.64.KTĐ', 25, 50, 2, 2, 1, 'INTACT', 4, 'YES'),
(31, 'P301C2', 'C2', 3, 'CQ.64.KTXDCTGT.2', 'Lý thuyết', 90, 'IN_USE', 'Nguyễn Thạc Quang-Diệp Thành Hưng', 'CQ.64.KTXDCTGT.2', 45, 90, 3, 4, 2, 'INTACT', 5, 'NO'),
(32, 'P1E3', 'E3', 1, 'CQ.63.KS.KIENTRUC_N_1', 'Bộ môn', 90, 'IN_USE', 'Nguyễn Đăng Khoa-Trần Thị Trúc Liểu', 'CQ.63.KS.KIENTRUC_N_1', 45, 90, 3, 4, 2, 'INTACT', 5, 'NO'),
(33, 'P1E6', 'E6', 1, 'CQ.66.LOGISTICS', 'Bộ môn', 90, 'IN_USE', 'Vũ Thị Thanh Phúc', 'CQ.66.LOGISTICS', 45, 90, 3, 4, 2, 'INTACT', 5, 'YES'),
(34, '301DN', 'GDDN', 3, 'CQ.64.KTXDCTGT.1', 'Giảng đường đa năng', 50, 'IN_USE', 'Ngô Thanh Thủy', 'CQ.64.KTXDCTGT.1', 25, 50, 2, 2, 1, 'CRACKED', 4, 'NO'),
(35, 'P102E7', 'E7', 1, 'CQ.65.KTXDCTGT.1_N_1', 'Phòng máy tính', 52, 'IN_USE', 'Trần Huy Thiệp', 'CQ.65.KTXDCTGT.1_N_1', 26, 52, 2, 3, 0, 'INTACT', 3, 'NO'),
(36, 'P3E5', 'E5', 1, 'CQ.65.KTXDCTGT.1', 'Công nghệ thông tin', 90, 'IN_USE', 'Nguyễn Đăng Điềm', 'CQ.65.KTXDCTGT.1', 45, 90, 3, 4, 2, 'INTACT', 5, 'YES'),
(37, 'P2E5', 'E5', 1, 'CQ.64.NKTXD.1', 'Công nghệ thông tin', 90, 'IN_USE', 'Nguyễn Thị Thu Thủy', 'CQ.64.NKTXD.1', 45, 90, 3, 4, 2, 'INTACT', 5, 'NO'),
(38, 'P504C2', 'C2', 5, 'CQ.64.CNTT', 'Lý thuyết', 90, 'AVAILABLE', 'Phan Thanh Hy', 'CQ.64.CNTT', 45, 90, 3, 4, 2, 'INTACT', 5, 'YES'),
(39, 'P3E6', 'E6', 1, 'CQ.65.KTĐTVT', 'Thực hành điện', 90, 'IN_USE', 'Nguyễn Thị Thu Lan', 'CQ.65.KTĐTVT', 45, 90, 3, 4, 2, 'INTACT', 5, 'YES'),
(40, 'P3E8', 'E8', 1, 'CQ.66.CĐA-CLC_N', 'Kỹ thuật ô tô', 25, 'IN_USE', 'Nguyễn Đức Hiếu', 'CQ.66.CĐA-CLC_N', 10, 18, 2, 2, 1, 'INTACT', 3, 'YES'),
(41, 'P4E3', 'E3', 1, 'CQ.65.KTVTAI', 'Thực hành điện', 35, 'IN_USE', 'Hoàng Văn Hào', 'CQ.65.KTVTAI', 35, 35, 2, 2, 1, 'INTACT', 3, 'NO'),
(42, '501DN', 'GDDN', 5, 'CQ.65.KTVTAI', 'Giảng đường đa năng', 50, 'IN_USE', 'Lương Tuấn Anh', 'CQ.65.KTVTAI', 25, 50, 2, 2, 1, 'INTACT', 4, 'YES'),
(43, 'P203E7', 'E7', 2, 'CQ.63.KS.MĐL_N', 'Phòng máy tính', 40, 'IN_USE', 'Nguyễn Hữu Hào', 'CQ.63.KS.MĐL_N', 20, 40, 2, 2, 0, 'CRACKED', 2, 'NO'),
(44, 'P204E7', 'E7', 2, 'CQ.66.CNTT_N_1', 'Phòng máy tính', 52, 'IN_USE', 'Trần Thị Dung', 'CQ.66.CNTT_N_1', 26, 52, 2, 3, 0, 'INTACT', 3, 'YES'),
(45, 'P206E7', 'E7', 2, 'CQ.64.CNTT_N_1', 'Phòng máy tính', 50, 'IN_USE', 'Phan Thanh Hy', 'CQ.64.CNTT_N_1', 25, 50, 2, 3, 0, 'INTACT', 2, 'NO'),
(46, 'P4E9', 'E9', 4, 'CQ.66.KIENTRUC', 'Kỹ thuật ô tô', 25, 'AVAILABLE', 'Dương Thị Thu Hường', 'CQ.66.KIENTRUC', 10, 18, 2, 2, 1, 'INTACT', 3, 'YES'),
(47, 'P4E8', 'E8', 1, 'CQ.63.KTCĐT_N_1', 'Kỹ thuật ô tô', 25, 'AVAILABLE', 'Nguyễn Hữu Hào', 'CQ.63.KTCĐT_N_1', 10, 18, 2, 2, 1, 'INTACT', 3, 'NO'),
(48, 'P4E5', 'E5', 1, 'CQ.65.KTVTAI', 'Studio / Bàn vẽ', 30, 'IN_USE', 'Hoàng Văn Hào', 'CQ.65.KTVTAI', 30, 30, 1, 2, 1, 'INTACT', 3, 'NO'),
(49, 'P2E6', 'E6', 1, 'CQ.65.KTĐTVT', 'Studio / Bàn vẽ', 90, 'AVAILABLE', 'Nguyễn Thị Thu Lan', 'CQ.65.KTĐTVT', 45, 90, 1, 2, 1, 'CRACKED', 5, 'YES'),
(52, 'P111E7', 'E7', 1, 'CQ.66.CKĐL_N_1', 'Phòng máy tính', 61, 'IN_USE', 'Lê Thị Thi Hạ', 'CQ.66.CKĐL_N_1', 31, 61, 2, 4, 0, 'INTACT', 3, 'NO'),
(53, 'P202E7', 'E7', 2, 'K65.KTĐTVT_N_2', 'Phòng máy tính', 68, 'IN_USE', 'Nguyễn Thị Mai', 'K65.KTĐTVT_N_2', 34, 68, 2, 4, 0, 'INTACT', 3, 'YES'),
(54, '3E9-1', 'E9', 3, 'CQ.64.KTĐ_N_1', 'Kỹ thuật ô tô', 25, 'IN_USE', 'Lâm Quang Thái', 'CQ.64.KTĐ_N_1', 10, 18, 2, 2, 1, 'INTACT', 3, 'YES'),
(55, 'P106E7', 'E7', 1, 'CQ.65.CNTT_N_2', 'Phòng máy tính', 58, 'IN_USE', 'Trần Thị Minh Ánh', 'CQ.65.CNTT_N_2', 29, 58, 2, 3, 0, 'INTACT', 3, 'YES'),
(56, 'Thực hành bên ngoài', 'KHAC', 1, 'CQ.64.TC-NH_N', 'B??? m??n', 90, 'IN_USE', 'Nguyễn Quang Huy', 'CQ.64.TC-NH_N', 45, 90, 3, 4, 2, 'INTACT', 5, 'YES'),
(57, 'P01C3', 'C3', 1, 'CQ.64.TĐHĐK_N_1', 'Quản trị kinh doanh', 49, 'AVAILABLE', 'Võ Thiện Lĩnh', 'CQ.64.TĐHĐK_N_1', 15, 30, 2, 2, 1, 'INTACT', 3, 'YES'),
(58, 'P101C2', 'C2', 1, 'CQ.65.KTXD_Bài', 'Lý thuyết', 90, 'IN_USE', 'Nguyễn Công Hậu', 'CQ.65.KTXD_Bài', 45, 90, 3, 4, 2, 'INTACT', 5, 'YES'),
(59, 'P205E7', 'E7', 2, 'CQ.63.KS.ĐTTH&CN_N_1', 'Phòng máy tính', 40, 'IN_USE', 'Phạm Xuân Minh-Trần Xuân Trường', 'CQ.63.KS.ĐTTH&CN_N_1', 20, 40, 2, 2, 0, 'INTACT', 2, 'YES'),
(60, 'P402C2', 'C2', 4, '-', 'Lý thuyết', 90, 'IN_USE', 'Bùi Thị Nga', '-', 45, 90, 3, 4, 2, 'INTACT', 5, 'YES'),
(61, '3E9-2', 'E9', 3, 'CQ.63.KS.KTCĐT_N_1', 'Kỹ thuật ô tô', 25, 'IN_USE', 'Ngô Thị Thu Hương', 'CQ.63.KS.KTCĐT_N_1', 10, 18, 2, 2, 1, 'INTACT', 3, 'YES'),
(62, 'P1C3', 'C3', 1, 'CQ.62.KS.ĐTTH&CN_N_1', 'Bộ môn', 52, 'IN_USE', 'Nguyễn Văn Trung', 'CQ.62.KS.ĐTTH&CN_N_1', 15, 30, 2, 2, 1, 'INTACT', 3, 'NO'),
(63, 'P3E9-2', 'E9', 3, 'CQ.62.KS.TĐH_N_1', 'Kỹ thuật ô tô', 25, 'AVAILABLE', 'Trần Hà Thu Uyên', 'CQ.62.KS.TĐH_N_1', 10, 18, 2, 2, 1, 'INTACT', 3, 'YES'),
(64, 'P2E9-2', 'E9', 2, 'CQ.65.KTĐ', 'Kỹ thuật ô tô', 25, 'IN_USE', 'Lâm Quang Thái', 'CQ.65.KTĐ', 10, 18, 2, 2, 1, 'CRACKED', 3, 'YES'),
(65, 'Học bên ngoài', 'KHAC', 1, 'CQ.63.TC-NH_N_1', 'C??ng ngh??? th??ng tin', 90, 'IN_USE', 'Nguyễn Quang Huy', 'CQ.63.TC-NH_N_1', 45, 90, 3, 4, 2, 'CRACKED', 5, 'YES'),
(67, 'Thư viện', 'C3', 2, 'CQ.63.NKTXD.1', 'Thư viện', 64, 'AVAILABLE', 'Đào Nguyễn Huy Tòng', 'CQ.63.NKTXD.1', 24, 48, 2, 3, 0, 'INTACT', 4, 'NO'),
(68, 'P5E8B', 'EB8', 1, 'CQ.66.KTQLDTXD_N_2', 'Kỹ thuật ô tô', 25, 'IN_USE', 'Nguyễn Phước Minh', 'CQ.66.KTQLDTXD_N_2', 10, 18, 2, 2, 1, 'CRACKED', 3, 'YES'),
(69, 'P401C2', 'C2', 4, '-', 'Lý thuyết', 90, 'IN_USE', 'Lê Thị Thu Huyền', '-', 45, 90, 3, 4, 2, 'INTACT', 5, 'YES'),
(70, 'P403C2', 'C2', 4, '-', 'Lý thuyết', 90, 'IN_USE', 'Trần Thị Thanh Loan', '-', 45, 90, 3, 4, 2, 'INTACT', 5, 'YES'),
(71, 'P402C2_1', 'C2', 4, 'K65.QTDL&LH', 'Lý thuyết', 90, 'IN_USE', 'Phạm Thị Lý', 'K65.QTDL&LH', 45, 90, 3, 4, 2, 'INTACT', 5, 'YES'),
(72, '503DN', 'GDDN', 5, 'CQ.64.KTOTO', 'Giảng đường đa năng', 50, 'IN_USE', 'Trần Văn Lợi', 'CQ.64.KTOTO', 25, 50, 2, 2, 1, 'INTACT', 4, 'YES'),
(73, '2E9-1', 'E9', 2, 'CQ.65.CKĐL+KTCĐT_N_1', 'Kỹ thuật ô tô', 25, 'IN_USE', 'Hồ Mạnh Tiến', 'CQ.65.CKĐL+KTCĐT_N_1', 10, 18, 2, 2, 1, 'INTACT', 3, 'NO'),
(74, '101E1', 'E1', 1, 'K65.KTOTO', 'Kỹ thuật ô tô', 25, 'AVAILABLE', 'Nguyễn Văn Bình', 'K65.KTOTO', 10, 18, 2, 2, 1, 'INTACT', 3, 'NO'),
(75, '101E6', 'E6', 1, 'K65.KTOTO_N_1', 'Kỹ thuật ô tô', 90, 'AVAILABLE', 'Ngô Thế Anh', 'K65.KTOTO_N_1', 45, 90, 3, 4, 2, 'INTACT', 5, 'NO'),
(76, '302DN', 'GDDN', 3, 'K65.DNGN_AUTO', 'Giảng đường đa năng', 50, 'AVAILABLE', NULL, 'K65.DNGN_AUTO', 25, 50, 2, 2, 1, 'INTACT', 4, 'YES'),
(77, '303DN', 'GDDN', 3, 'K65.DNGN_AUTO', 'Giảng đường đa năng', 50, 'AVAILABLE', NULL, 'K65.DNGN_AUTO', 25, 50, 2, 2, 1, 'INTACT', 4, 'YES'),
(78, 'P502C2', 'C2', 5, 'K65.CK??L_N_1', 'Cơ khí động lực', 53, 'AVAILABLE', NULL, 'K65.CK??L_N_1', 26, 53, 3, 4, 2, 'INTACT', 5, 'NO'),
(79, 'P1E5', 'E5', 1, 'K65.CNTT_N_2', 'Công nghệ thông tin', 32, 'AVAILABLE', NULL, 'K65.CNTT_N_2', 16, 32, 3, 4, 2, 'INTACT', 5, 'NO'),
(80, 'Bộ môn Công nghệ Thông tin', 'E10', 1, '-', 'Bộ môn Công nghệ Thông tin', 40, 'AVAILABLE', NULL, NULL, 15, 30, 2, 2, 1, 'INTACT', 3, 'NO'),
(81, 'Bộ môn Điện – Điện tử', 'E10', 1, '-', 'Bộ môn Điện – Điện tử', 40, 'AVAILABLE', NULL, NULL, 15, 30, 2, 2, 1, 'INTACT', 3, 'NO'),
(82, 'Bộ môn Cơ khí', 'E10', 1, '-', 'Bộ môn Cơ khí', 40, 'AVAILABLE', NULL, NULL, 15, 30, 2, 2, 1, 'INTACT', 3, 'NO'),
(83, 'Phòng khảo thí', 'E10', 1, '-', 'Phòng khảo thí', 20, 'AVAILABLE', NULL, NULL, 10, 20, 2, 2, 1, 'INTACT', 2, 'NO'),
(84, 'Khoa Công trình', 'E10', 2, '-', 'Khoa Công trình', 40, 'AVAILABLE', NULL, NULL, 15, 30, 2, 2, 1, 'INTACT', 3, 'NO'),
(85, 'Khoa Vận tải – Kinh tế', 'E10', 2, '-', 'Khoa Vận tải – Kinh tế', 40, 'AVAILABLE', NULL, NULL, 15, 30, 2, 2, 1, 'INTACT', 3, 'NO'),
(86, 'Khoa Khoa học Cơ bản', 'E10', 2, '-', 'Khoa Khoa học Cơ bản', 40, 'AVAILABLE', NULL, NULL, 15, 30, 2, 2, 1, 'INTACT', 3, 'NO');

-- Bảng: assets
CREATE TABLE `assets` (
  `id` bigint unsigned NOT NULL AUTO_INCREMENT,
  `card_number` varchar(50) COLLATE utf8mb4_unicode_ci NOT NULL,
  `asset_name` varchar(200) COLLATE utf8mb4_unicode_ci NOT NULL,
  `provider` varchar(200) COLLATE utf8mb4_unicode_ci DEFAULT NULL,
  `country` varchar(100) COLLATE utf8mb4_unicode_ci DEFAULT NULL,
  `department` varchar(150) COLLATE utf8mb4_unicode_ci DEFAULT NULL,
  `classroom` varchar(100) COLLATE utf8mb4_unicode_ci DEFAULT NULL,
  `asset_type` varchar(100) COLLATE utf8mb4_unicode_ci DEFAULT NULL,
  `item_category` varchar(100) COLLATE utf8mb4_unicode_ci DEFAULT NULL,
  `item_category_id` bigint unsigned DEFAULT NULL,
  `manufacture_year` int DEFAULT NULL,
  `unit_price` decimal(18,2) DEFAULT NULL,
  `quantity` int NOT NULL DEFAULT '0',
  `original_price` decimal(18,2) DEFAULT NULL,
  `fund_source` varchar(100) COLLATE utf8mb4_unicode_ci DEFAULT NULL,
  `fund_source_id` bigint unsigned DEFAULT NULL,
  `usage_time` int DEFAULT NULL,
  `purchase_date` date DEFAULT NULL,
  `usage_year` int DEFAULT NULL,
  `buyer_user_id` bigint unsigned DEFAULT NULL,
  `room_id` bigint unsigned DEFAULT NULL,
  `status` varchar(30) COLLATE utf8mb4_unicode_ci NOT NULL DEFAULT 'IN_USE',
  `note` text COLLATE utf8mb4_unicode_ci,
  `created_at` datetime NOT NULL DEFAULT CURRENT_TIMESTAMP,
  `updated_at` datetime NOT NULL DEFAULT CURRENT_TIMESTAMP ON UPDATE CURRENT_TIMESTAMP,
  PRIMARY KEY (`id`),
  UNIQUE KEY `uk_assets_card_number` (`card_number`),
  KEY `idx_assets_status` (`status`),
  KEY `idx_assets_item_category` (`item_category`),
  KEY `idx_assets_item_category_id` (`item_category_id`),
  KEY `idx_assets_fund_source_id` (`fund_source_id`),
  KEY `fk_assets_buyer_user_id` (`buyer_user_id`),
  KEY `fk_assets_room_id` (`room_id`),
  CONSTRAINT `fk_assets_item_category_id` FOREIGN KEY (`item_category_id`) REFERENCES `categories` (`id`),
  CONSTRAINT `fk_assets_fund_source_id` FOREIGN KEY (`fund_source_id`) REFERENCES `categories` (`id`),
  CONSTRAINT `fk_assets_buyer_user_id` FOREIGN KEY (`buyer_user_id`) REFERENCES `users` (`id`),
  CONSTRAINT `fk_assets_room_id` FOREIGN KEY (`room_id`) REFERENCES `rooms` (`id`)
) ENGINE=InnoDB AUTO_INCREMENT=410 DEFAULT CHARSET=utf8mb4 COLLATE=utf8mb4_unicode_ci;

INSERT INTO `assets` (`id`, `card_number`, `asset_name`, `provider`, `country`, `department`, `classroom`, `asset_type`, `item_category`, `item_category_id`, `manufacture_year`, `unit_price`, `quantity`, `original_price`, `fund_source`, `fund_source_id`, `usage_time`, `purchase_date`, `usage_year`, `buyer_user_id`, `room_id`, `status`, `note`, `created_at`, `updated_at`) VALUES
(1, 'BF-1-BAN_HOC', 'Bàn học', 'Backfill', 'VN', 'Lý thuyết', 'P303C2', 'FURNITURE', 'BAN_HOC', NULL, NULL, NULL, 45, NULL, NULL, NULL, NULL, NULL, NULL, NULL, 1, 'IN_USE', 'AUTO_BACKFILL_ROOM_COUNT', '2026-05-12 14:31:56', '2026-05-12 14:31:56'),
(2, 'BF-1-GHE_HOC', 'Ghế học', 'Backfill', 'VN', 'Lý thuyết', 'P303C2', 'FURNITURE', 'GHE_HOC', NULL, NULL, NULL, 90, NULL, NULL, NULL, NULL, NULL, NULL, NULL, 1, 'IN_USE', 'AUTO_BACKFILL_ROOM_COUNT', '2026-05-12 14:31:56', '2026-05-12 14:31:56'),
(3, 'BF-1-LOA_AM_TRAN', 'Loa âm trần', 'Backfill', 'VN', 'Lý thuyết', 'P303C2', 'LAB_EQUIPMENT', 'LOA_AM_TRAN', NULL, NULL, NULL, 3, NULL, NULL, NULL, NULL, NULL, NULL, NULL, 1, 'IN_USE', 'AUTO_BACKFILL_ROOM_COUNT', '2026-05-12 14:31:56', '2026-05-12 14:31:56'),
(4, 'BF-1-MAY_LANH', 'Máy lạnh', 'Backfill', 'VN', 'Lý thuyết', 'P303C2', 'LAB_EQUIPMENT', 'MAY_LANH', NULL, NULL, NULL, 4, NULL, NULL, NULL, NULL, NULL, NULL, NULL, 1, 'IN_USE', 'AUTO_BACKFILL_ROOM_COUNT', '2026-05-12 14:31:56', '2026-05-12 14:31:56'),
(5, 'BF-1-MICROPHONE', 'Microphone', 'Backfill', 'VN', 'Lý thuyết', 'P303C2', 'LAB_EQUIPMENT', 'MICROPHONE', NULL, NULL, NULL, 2, NULL, NULL, NULL, NULL, NULL, NULL, NULL, 1, 'IN_USE', 'AUTO_BACKFILL_ROOM_COUNT', '2026-05-12 14:31:56', '2026-05-12 14:31:56'),
(6, 'BF-2-BAN_HOC', 'Bàn học', 'Backfill', 'VN', 'Lý thuyết', 'P103C2', 'FURNITURE', 'BAN_HOC', NULL, NULL, NULL, 45, NULL, NULL, NULL, NULL, NULL, NULL, NULL, 2, 'IN_USE', 'AUTO_BACKFILL_ROOM_COUNT', '2026-05-12 14:31:56', '2026-05-12 14:31:56'),
(7, 'BF-2-GHE_HOC', 'Ghế học', 'Backfill', 'VN', 'Lý thuyết', 'P103C2', 'FURNITURE', 'GHE_HOC', NULL, NULL, NULL, 90, NULL, NULL, NULL, NULL, NULL, NULL, NULL, 2, 'IN_USE', 'AUTO_BACKFILL_ROOM_COUNT', '2026-05-12 14:31:56', '2026-05-12 14:31:56'),
(8, 'BF-2-LOA_AM_TRAN', 'Loa âm trần', 'Backfill', 'VN', 'Lý thuyết', 'P103C2', 'LAB_EQUIPMENT', 'LOA_AM_TRAN', NULL, NULL, NULL, 3, NULL, NULL, NULL, NULL, NULL, NULL, NULL, 2, 'IN_USE', 'AUTO_BACKFILL_ROOM_COUNT', '2026-05-12 14:31:56', '2026-05-12 14:31:56'),
(9, 'BF-2-MAY_LANH', 'Máy lạnh', 'Backfill', 'VN', 'Lý thuyết', 'P103C2', 'LAB_EQUIPMENT', 'MAY_LANH', NULL, NULL, NULL, 4, NULL, NULL, NULL, NULL, NULL, NULL, NULL, 2, 'IN_USE', 'AUTO_BACKFILL_ROOM_COUNT', '2026-05-12 14:31:56', '2026-05-12 14:31:56'),
(10, 'BF-2-MICROPHONE', 'Microphone', 'Backfill', 'VN', 'Lý thuyết', 'P103C2', 'LAB_EQUIPMENT', 'MICROPHONE', NULL, NULL, NULL, 2, NULL, NULL, NULL, NULL, NULL, NULL, NULL, 2, 'IN_USE', 'AUTO_BACKFILL_ROOM_COUNT', '2026-05-12 14:31:56', '2026-05-12 14:31:56'),
(11, 'BF-3-BAN_HOC', 'Bàn học', 'Backfill', 'VN', 'Lý thuyết', 'P302C2', 'FURNITURE', 'BAN_HOC', NULL, NULL, NULL, 45, NULL, NULL, NULL, NULL, NULL, NULL, NULL, 3, 'IN_USE', 'AUTO_BACKFILL_ROOM_COUNT', '2026-05-12 14:31:56', '2026-05-12 14:31:56'),
(12, 'BF-3-GHE_HOC', 'Ghế học', 'Backfill', 'VN', 'Lý thuyết', 'P302C2', 'FURNITURE', 'GHE_HOC', NULL, NULL, NULL, 90, NULL, NULL, NULL, NULL, NULL, NULL, NULL, 3, 'IN_USE', 'AUTO_BACKFILL_ROOM_COUNT', '2026-05-12 14:31:56', '2026-05-12 14:31:56'),
(13, 'BF-3-LOA_AM_TRAN', 'Loa âm trần', 'Backfill', 'VN', 'Lý thuyết', 'P302C2', 'LAB_EQUIPMENT', 'LOA_AM_TRAN', NULL, NULL, NULL, 3, NULL, NULL, NULL, NULL, NULL, NULL, NULL, 3, 'IN_USE', 'AUTO_BACKFILL_ROOM_COUNT', '2026-05-12 14:31:56', '2026-05-12 14:31:56'),
(14, 'BF-3-MAY_LANH', 'Máy lạnh', 'Backfill', 'VN', 'Lý thuyết', 'P302C2', 'LAB_EQUIPMENT', 'MAY_LANH', NULL, NULL, NULL, 4, NULL, NULL, NULL, NULL, NULL, NULL, NULL, 3, 'IN_USE', 'AUTO_BACKFILL_ROOM_COUNT', '2026-05-12 14:31:56', '2026-05-12 14:31:56'),
(15, 'BF-3-MICROPHONE', 'Microphone', 'Backfill', 'VN', 'Lý thuyết', 'P302C2', 'LAB_EQUIPMENT', 'MICROPHONE', NULL, NULL, NULL, 2, NULL, NULL, NULL, NULL, NULL, NULL, NULL, 3, 'IN_USE', 'AUTO_BACKFILL_ROOM_COUNT', '2026-05-12 14:31:56', '2026-05-12 14:31:56'),
(16, 'BF-4-BAN_HOC', 'Bàn học', 'Backfill', 'VN', 'Lý thuyết', 'P404C2', 'FURNITURE', 'BAN_HOC', NULL, NULL, NULL, 45, NULL, NULL, NULL, NULL, NULL, NULL, NULL, 4, 'IN_USE', 'AUTO_BACKFILL_ROOM_COUNT', '2026-05-12 14:31:56', '2026-05-12 14:31:56'),
(17, 'BF-4-GHE_HOC', 'Ghế học', 'Backfill', 'VN', 'Lý thuyết', 'P404C2', 'FURNITURE', 'GHE_HOC', NULL, NULL, NULL, 90, NULL, NULL, NULL, NULL, NULL, NULL, NULL, 4, 'IN_USE', 'AUTO_BACKFILL_ROOM_COUNT', '2026-05-12 14:31:56', '2026-05-12 14:31:56'),
(18, 'BF-4-LOA_AM_TRAN', 'Loa âm trần', 'Backfill', 'VN', 'Lý thuyết', 'P404C2', 'LAB_EQUIPMENT', 'LOA_AM_TRAN', NULL, NULL, NULL, 3, NULL, NULL, NULL, NULL, NULL, NULL, NULL, 4, 'IN_USE', 'AUTO_BACKFILL_ROOM_COUNT', '2026-05-12 14:31:56', '2026-05-12 14:31:56'),
(19, 'BF-4-MAY_LANH', 'Máy lạnh', 'Backfill', 'VN', 'Lý thuyết', 'P404C2', 'LAB_EQUIPMENT', 'MAY_LANH', NULL, NULL, NULL, 4, NULL, NULL, NULL, NULL, NULL, NULL, NULL, 4, 'IN_USE', 'AUTO_BACKFILL_ROOM_COUNT', '2026-05-12 14:31:56', '2026-05-12 14:31:56'),
(20, 'BF-4-MICROPHONE', 'Microphone', 'Backfill', 'VN', 'Lý thuyết', 'P404C2', 'LAB_EQUIPMENT', 'MICROPHONE', NULL, NULL, NULL, 2, NULL, NULL, NULL, NULL, NULL, NULL, NULL, 4, 'IN_USE', 'AUTO_BACKFILL_ROOM_COUNT', '2026-05-12 14:31:56', '2026-05-12 14:31:56'),
(21, 'BF-5-BAN_HOC', 'Bàn học', 'Backfill', 'VN', 'Thực hành điện', 'P3E3', 'FURNITURE', 'BAN_HOC', NULL, NULL, NULL, 35, NULL, NULL, NULL, NULL, NULL, NULL, NULL, 5, 'IN_USE', 'AUTO_BACKFILL_ROOM_COUNT', '2026-05-12 14:31:56', '2026-05-12 14:31:56'),
(22, 'BF-5-GHE_HOC', 'Ghế học', 'Backfill', 'VN', 'Thực hành điện', 'P3E3', 'FURNITURE', 'GHE_HOC', NULL, NULL, NULL, 35, NULL, NULL, NULL, NULL, NULL, NULL, NULL, 5, 'IN_USE', 'AUTO_BACKFILL_ROOM_COUNT', '2026-05-12 14:31:56', '2026-05-12 14:31:56'),
(23, 'BF-5-LOA_AM_TRAN', 'Loa âm trần', 'Backfill', 'VN', 'Thực hành điện', 'P3E3', 'LAB_EQUIPMENT', 'LOA_AM_TRAN', NULL, NULL, NULL, 2, NULL, NULL, NULL, NULL, NULL, NULL, NULL, 5, 'IN_USE', 'AUTO_BACKFILL_ROOM_COUNT', '2026-05-12 14:31:56', '2026-05-12 14:31:56'),
(24, 'BF-5-MAY_LANH', 'Máy lạnh', 'Backfill', 'VN', 'Thực hành điện', 'P3E3', 'LAB_EQUIPMENT', 'MAY_LANH', NULL, NULL, NULL, 2, NULL, NULL, NULL, NULL, NULL, NULL, NULL, 5, 'IN_USE', 'AUTO_BACKFILL_ROOM_COUNT', '2026-05-12 14:31:56', '2026-05-12 14:31:56'),
(25, 'BF-5-MICROPHONE', 'Microphone', 'Backfill', 'VN', 'Thực hành điện', 'P3E3', 'LAB_EQUIPMENT', 'MICROPHONE', NULL, NULL, NULL, 1, NULL, NULL, NULL, NULL, NULL, NULL, NULL, 5, 'IN_USE', 'AUTO_BACKFILL_ROOM_COUNT', '2026-05-12 14:31:56', '2026-05-12 14:31:56'),
(26, 'BF-6-BAN_HOC', 'Bàn học', 'Backfill', 'VN', 'Giảng đường đa năng', '204DN', 'FURNITURE', 'BAN_HOC', NULL, NULL, NULL, 25, NULL, NULL, NULL, NULL, NULL, NULL, NULL, 6, 'IN_USE', 'AUTO_BACKFILL_ROOM_COUNT', '2026-05-12 14:31:56', '2026-05-12 14:31:56'),
(27, 'BF-6-GHE_HOC', 'Ghế học', 'Backfill', 'VN', 'Giảng đường đa năng', '204DN', 'FURNITURE', 'GHE_HOC', NULL, NULL, NULL, 50, NULL, NULL, NULL, NULL, NULL, NULL, NULL, 6, 'IN_USE', 'AUTO_BACKFILL_ROOM_COUNT', '2026-05-12 14:31:56', '2026-05-12 14:31:56'),
(28, 'BF-6-LOA_AM_TRAN', 'Loa âm trần', 'Backfill', 'VN', 'Giảng đường đa năng', '204DN', 'LAB_EQUIPMENT', 'LOA_AM_TRAN', NULL, NULL, NULL, 2, NULL, NULL, NULL, NULL, NULL, NULL, NULL, 6, 'IN_USE', 'AUTO_BACKFILL_ROOM_COUNT', '2026-05-12 14:31:56', '2026-05-12 14:31:56'),
(29, 'BF-6-MAY_LANH', 'Máy lạnh', 'Backfill', 'VN', 'Giảng đường đa năng', '204DN', 'LAB_EQUIPMENT', 'MAY_LANH', NULL, NULL, NULL, 2, NULL, NULL, NULL, NULL, NULL, NULL, NULL, 6, 'IN_USE', 'AUTO_BACKFILL_ROOM_COUNT', '2026-05-12 14:31:56', '2026-05-12 14:31:56'),
(30, 'BF-6-MICROPHONE', 'Microphone', 'Backfill', 'VN', 'Giảng đường đa năng', '204DN', 'LAB_EQUIPMENT', 'MICROPHONE', NULL, NULL, NULL, 1, NULL, NULL, NULL, NULL, NULL, NULL, NULL, 6, 'IN_USE', 'AUTO_BACKFILL_ROOM_COUNT', '2026-05-12 14:31:56', '2026-05-12 14:31:56'),
(31, 'BF-7-BAN_HOC', 'Bàn học', 'Backfill', 'VN', 'Lý thuyết', 'P104C2', 'FURNITURE', 'BAN_HOC', NULL, NULL, NULL, 45, NULL, NULL, NULL, NULL, NULL, NULL, NULL, 7, 'IN_USE', 'AUTO_BACKFILL_ROOM_COUNT', '2026-05-12 14:31:56', '2026-05-12 14:31:56'),
(32, 'BF-7-GHE_HOC', 'Ghế học', 'Backfill', 'VN', 'Lý thuyết', 'P104C2', 'FURNITURE', 'GHE_HOC', NULL, NULL, NULL, 90, NULL, NULL, NULL, NULL, NULL, NULL, NULL, 7, 'IN_USE', 'AUTO_BACKFILL_ROOM_COUNT', '2026-05-12 14:31:56', '2026-05-12 14:31:56'),
(33, 'BF-7-LOA_AM_TRAN', 'Loa âm trần', 'Backfill', 'VN', 'Lý thuyết', 'P104C2', 'LAB_EQUIPMENT', 'LOA_AM_TRAN', NULL, NULL, NULL, 3, NULL, NULL, NULL, NULL, NULL, NULL, NULL, 7, 'IN_USE', 'AUTO_BACKFILL_ROOM_COUNT', '2026-05-12 14:31:56', '2026-05-12 14:31:56'),
(34, 'BF-7-MAY_LANH', 'Máy lạnh', 'Backfill', 'VN', 'Lý thuyết', 'P104C2', 'LAB_EQUIPMENT', 'MAY_LANH', NULL, NULL, NULL, 4, NULL, NULL, NULL, NULL, NULL, NULL, NULL, 7, 'IN_USE', 'AUTO_BACKFILL_ROOM_COUNT', '2026-05-12 14:31:56', '2026-05-12 14:31:56'),
(35, 'BF-7-MICROPHONE', 'Microphone', 'Backfill', 'VN', 'Lý thuyết', 'P104C2', 'LAB_EQUIPMENT', 'MICROPHONE', NULL, NULL, NULL, 2, NULL, NULL, NULL, NULL, NULL, NULL, NULL, 7, 'IN_USE', 'AUTO_BACKFILL_ROOM_COUNT', '2026-05-12 14:31:56', '2026-05-12 14:31:56'),
(36, 'BF-8-BAN_HOC', 'Bàn học', 'Backfill', 'VN', 'Lý thuyết', 'P501C2', 'FURNITURE', 'BAN_HOC', NULL, NULL, NULL, 45, NULL, NULL, NULL, NULL, NULL, NULL, NULL, 8, 'IN_USE', 'AUTO_BACKFILL_ROOM_COUNT', '2026-05-12 14:31:56', '2026-05-12 14:31:56'),
(37, 'BF-8-GHE_HOC', 'Ghế học', 'Backfill', 'VN', 'Lý thuyết', 'P501C2', 'FURNITURE', 'GHE_HOC', NULL, NULL, NULL, 90, NULL, NULL, NULL, NULL, NULL, NULL, NULL, 8, 'IN_USE', 'AUTO_BACKFILL_ROOM_COUNT', '2026-05-12 14:31:56', '2026-05-12 14:31:56'),
(38, 'BF-8-LOA_AM_TRAN', 'Loa âm trần', 'Backfill', 'VN', 'Lý thuyết', 'P501C2', 'LAB_EQUIPMENT', 'LOA_AM_TRAN', NULL, NULL, NULL, 3, NULL, NULL, NULL, NULL, NULL, NULL, NULL, 8, 'IN_USE', 'AUTO_BACKFILL_ROOM_COUNT', '2026-05-12 14:31:56', '2026-05-12 14:31:56'),
(39, 'BF-8-MAY_LANH', 'Máy lạnh', 'Backfill', 'VN', 'Lý thuyết', 'P501C2', 'LAB_EQUIPMENT', 'MAY_LANH', NULL, NULL, NULL, 4, NULL, NULL, NULL, NULL, NULL, NULL, NULL, 8, 'IN_USE', 'AUTO_BACKFILL_ROOM_COUNT', '2026-05-12 14:31:56', '2026-05-12 14:31:56'),
(40, 'BF-8-MICROPHONE', 'Microphone', 'Backfill', 'VN', 'Lý thuyết', 'P501C2', 'LAB_EQUIPMENT', 'MICROPHONE', NULL, NULL, NULL, 2, NULL, NULL, NULL, NULL, NULL, NULL, NULL, 8, 'IN_USE', 'AUTO_BACKFILL_ROOM_COUNT', '2026-05-12 14:31:56', '2026-05-12 14:31:56'),
(41, 'BF-9-BAN_HOC', 'Bàn học', 'Backfill', 'VN', 'Giảng đường đa năng', '304DN', 'FURNITURE', 'BAN_HOC', NULL, NULL, NULL, 25, NULL, NULL, NULL, NULL, NULL, NULL, NULL, 9, 'IN_USE', 'AUTO_BACKFILL_ROOM_COUNT', '2026-05-12 14:31:56', '2026-05-12 14:31:56'),
(42, 'BF-9-GHE_HOC', 'Ghế học', 'Backfill', 'VN', 'Giảng đường đa năng', '304DN', 'FURNITURE', 'GHE_HOC', NULL, NULL, NULL, 50, NULL, NULL, NULL, NULL, NULL, NULL, NULL, 9, 'IN_USE', 'AUTO_BACKFILL_ROOM_COUNT', '2026-05-12 14:31:56', '2026-05-12 14:31:56'),
(43, 'BF-9-LOA_AM_TRAN', 'Loa âm trần', 'Backfill', 'VN', 'Giảng đường đa năng', '304DN', 'LAB_EQUIPMENT', 'LOA_AM_TRAN', NULL, NULL, NULL, 2, NULL, NULL, NULL, NULL, NULL, NULL, NULL, 9, 'IN_USE', 'AUTO_BACKFILL_ROOM_COUNT', '2026-05-12 14:31:56', '2026-05-12 14:31:56'),
(44, 'BF-9-MAY_LANH', 'Máy lạnh', 'Backfill', 'VN', 'Giảng đường đa năng', '304DN', 'LAB_EQUIPMENT', 'MAY_LANH', NULL, NULL, NULL, 2, NULL, NULL, NULL, NULL, NULL, NULL, NULL, 9, 'IN_USE', 'AUTO_BACKFILL_ROOM_COUNT', '2026-05-12 14:31:56', '2026-05-12 14:31:56'),
(45, 'BF-9-MICROPHONE', 'Microphone', 'Backfill', 'VN', 'Giảng đường đa năng', '304DN', 'LAB_EQUIPMENT', 'MICROPHONE', NULL, NULL, NULL, 1, NULL, NULL, NULL, NULL, NULL, NULL, NULL, 9, 'IN_USE', 'AUTO_BACKFILL_ROOM_COUNT', '2026-05-12 14:31:56', '2026-05-12 14:31:56'),
(46, 'BF-10-BAN_HOC', 'Bàn học', 'Backfill', 'VN', 'Giảng đường đa năng', '202DN', 'FURNITURE', 'BAN_HOC', NULL, NULL, NULL, 25, NULL, NULL, NULL, NULL, NULL, NULL, NULL, 10, 'IN_USE', 'AUTO_BACKFILL_ROOM_COUNT', '2026-05-12 14:31:56', '2026-05-12 14:31:56'),
(47, 'BF-10-GHE_HOC', 'Ghế học', 'Backfill', 'VN', 'Giảng đường đa năng', '202DN', 'FURNITURE', 'GHE_HOC', NULL, NULL, NULL, 50, NULL, NULL, NULL, NULL, NULL, NULL, NULL, 10, 'IN_USE', 'AUTO_BACKFILL_ROOM_COUNT', '2026-05-12 14:31:56', '2026-05-12 14:31:56'),
(48, 'BF-10-LOA_AM_TRAN', 'Loa âm trần', 'Backfill', 'VN', 'Giảng đường đa năng', '202DN', 'LAB_EQUIPMENT', 'LOA_AM_TRAN', NULL, NULL, NULL, 2, NULL, NULL, NULL, NULL, NULL, NULL, NULL, 10, 'IN_USE', 'AUTO_BACKFILL_ROOM_COUNT', '2026-05-12 14:31:56', '2026-05-12 14:31:56'),
(49, 'BF-10-MAY_LANH', 'Máy lạnh', 'Backfill', 'VN', 'Giảng đường đa năng', '202DN', 'LAB_EQUIPMENT', 'MAY_LANH', NULL, NULL, NULL, 2, NULL, NULL, NULL, NULL, NULL, NULL, NULL, 10, 'IN_USE', 'AUTO_BACKFILL_ROOM_COUNT', '2026-05-12 14:31:56', '2026-05-12 14:31:56'),
(50, 'BF-10-MICROPHONE', 'Microphone', 'Backfill', 'VN', 'Giảng đường đa năng', '202DN', 'LAB_EQUIPMENT', 'MICROPHONE', NULL, NULL, NULL, 1, NULL, NULL, NULL, NULL, NULL, NULL, NULL, 10, 'IN_USE', 'AUTO_BACKFILL_ROOM_COUNT', '2026-05-12 14:31:56', '2026-05-12 14:31:56'),
(51, 'BF-11-BAN_HOC', 'Bàn học', 'Backfill', 'VN', 'Nhà E', 'P2E4', 'FURNITURE', 'BAN_HOC', NULL, NULL, NULL, 45, NULL, NULL, NULL, NULL, NULL, NULL, NULL, 11, 'IN_USE', 'AUTO_BACKFILL_ROOM_COUNT', '2026-05-12 14:31:56', '2026-05-12 14:31:56'),
(52, 'BF-11-GHE_HOC', 'Ghế học', 'Backfill', 'VN', 'Nhà E', 'P2E4', 'FURNITURE', 'GHE_HOC', NULL, NULL, NULL, 90, NULL, NULL, NULL, NULL, NULL, NULL, NULL, 11, 'IN_USE', 'AUTO_BACKFILL_ROOM_COUNT', '2026-05-12 14:31:56', '2026-05-12 14:31:56'),
(53, 'BF-11-LOA_AM_TRAN', 'Loa âm trần', 'Backfill', 'VN', 'Nhà E', 'P2E4', 'LAB_EQUIPMENT', 'LOA_AM_TRAN', NULL, NULL, NULL, 3, NULL, NULL, NULL, NULL, NULL, NULL, NULL, 11, 'IN_USE', 'AUTO_BACKFILL_ROOM_COUNT', '2026-05-12 14:31:56', '2026-05-12 14:31:56'),
(54, 'BF-11-MAY_LANH', 'Máy lạnh', 'Backfill', 'VN', 'Nhà E', 'P2E4', 'LAB_EQUIPMENT', 'MAY_LANH', NULL, NULL, NULL, 4, NULL, NULL, NULL, NULL, NULL, NULL, NULL, 11, 'IN_USE', 'AUTO_BACKFILL_ROOM_COUNT', '2026-05-12 14:31:56', '2026-05-12 14:31:56'),
(55, 'BF-11-MICROPHONE', 'Microphone', 'Backfill', 'VN', 'Nhà E', 'P2E4', 'LAB_EQUIPMENT', 'MICROPHONE', NULL, NULL, NULL, 2, NULL, NULL, NULL, NULL, NULL, NULL, NULL, 11, 'IN_USE', 'AUTO_BACKFILL_ROOM_COUNT', '2026-05-12 14:31:56', '2026-05-12 14:31:56'),
(56, 'BF-12-BAN_HOC', 'Bàn học', 'Backfill', 'VN', 'Giảng đường đa năng', '403DN', 'FURNITURE', 'BAN_HOC', NULL, NULL, NULL, 25, NULL, NULL, NULL, NULL, NULL, NULL, NULL, 12, 'IN_USE', 'AUTO_BACKFILL_ROOM_COUNT', '2026-05-12 14:31:56', '2026-05-12 14:31:56'),
(57, 'BF-12-GHE_HOC', 'Ghế học', 'Backfill', 'VN', 'Giảng đường đa năng', '403DN', 'FURNITURE', 'GHE_HOC', NULL, NULL, NULL, 50, NULL, NULL, NULL, NULL, NULL, NULL, NULL, 12, 'IN_USE', 'AUTO_BACKFILL_ROOM_COUNT', '2026-05-12 14:31:56', '2026-05-12 14:31:56'),
(58, 'BF-12-LOA_AM_TRAN', 'Loa âm trần', 'Backfill', 'VN', 'Giảng đường đa năng', '403DN', 'LAB_EQUIPMENT', 'LOA_AM_TRAN', NULL, NULL, NULL, 2, NULL, NULL, NULL, NULL, NULL, NULL, NULL, 12, 'IN_USE', 'AUTO_BACKFILL_ROOM_COUNT', '2026-05-12 14:31:56', '2026-05-12 14:31:56'),
(59, 'BF-12-MAY_LANH', 'Máy lạnh', 'Backfill', 'VN', 'Giảng đường đa năng', '403DN', 'LAB_EQUIPMENT', 'MAY_LANH', NULL, NULL, NULL, 2, NULL, NULL, NULL, NULL, NULL, NULL, NULL, 12, 'IN_USE', 'AUTO_BACKFILL_ROOM_COUNT', '2026-05-12 14:31:56', '2026-05-12 14:31:56'),
(60, 'BF-12-MICROPHONE', 'Microphone', 'Backfill', 'VN', 'Giảng đường đa năng', '403DN', 'LAB_EQUIPMENT', 'MICROPHONE', NULL, NULL, NULL, 1, NULL, NULL, NULL, NULL, NULL, NULL, NULL, 12, 'IN_USE', 'AUTO_BACKFILL_ROOM_COUNT', '2026-05-12 14:31:56', '2026-05-12 14:31:56'),
(61, 'BF-13-BAN_HOC', 'Bàn học', 'Backfill', 'VN', 'Lý thuyết', 'P201C2', 'FURNITURE', 'BAN_HOC', NULL, NULL, NULL, 45, NULL, NULL, NULL, NULL, NULL, NULL, NULL, 13, 'IN_USE', 'AUTO_BACKFILL_ROOM_COUNT', '2026-05-12 14:31:56', '2026-05-12 14:31:56'),
(62, 'BF-13-GHE_HOC', 'Ghế học', 'Backfill', 'VN', 'Lý thuyết', 'P201C2', 'FURNITURE', 'GHE_HOC', NULL, NULL, NULL, 90, NULL, NULL, NULL, NULL, NULL, NULL, NULL, 13, 'IN_USE', 'AUTO_BACKFILL_ROOM_COUNT', '2026-05-12 14:31:56', '2026-05-12 14:31:56'),
(63, 'BF-13-LOA_AM_TRAN', 'Loa âm trần', 'Backfill', 'VN', 'Lý thuyết', 'P201C2', 'LAB_EQUIPMENT', 'LOA_AM_TRAN', NULL, NULL, NULL, 3, NULL, NULL, NULL, NULL, NULL, NULL, NULL, 13, 'IN_USE', 'AUTO_BACKFILL_ROOM_COUNT', '2026-05-12 14:31:56', '2026-05-12 14:31:56'),
(64, 'BF-13-MAY_LANH', 'Máy lạnh', 'Backfill', 'VN', 'Lý thuyết', 'P201C2', 'LAB_EQUIPMENT', 'MAY_LANH', NULL, NULL, NULL, 4, NULL, NULL, NULL, NULL, NULL, NULL, NULL, 13, 'IN_USE', 'AUTO_BACKFILL_ROOM_COUNT', '2026-05-12 14:31:56', '2026-05-12 14:31:56'),
(65, 'BF-13-MICROPHONE', 'Microphone', 'Backfill', 'VN', 'Lý thuyết', 'P201C2', 'LAB_EQUIPMENT', 'MICROPHONE', NULL, NULL, NULL, 2, NULL, NULL, NULL, NULL, NULL, NULL, NULL, 13, 'IN_USE', 'AUTO_BACKFILL_ROOM_COUNT', '2026-05-12 14:31:56', '2026-05-12 14:31:56'),
(66, 'BF-14-BAN_HOC', 'Bàn học', 'Backfill', 'VN', 'Giảng đường đa năng', '502DN', 'FURNITURE', 'BAN_HOC', NULL, NULL, NULL, 25, NULL, NULL, NULL, NULL, NULL, NULL, NULL, 14, 'IN_USE', 'AUTO_BACKFILL_ROOM_COUNT', '2026-05-12 14:31:56', '2026-05-12 14:31:56'),
(67, 'BF-14-GHE_HOC', 'Ghế học', 'Backfill', 'VN', 'Giảng đường đa năng', '502DN', 'FURNITURE', 'GHE_HOC', NULL, NULL, NULL, 50, NULL, NULL, NULL, NULL, NULL, NULL, NULL, 14, 'IN_USE', 'AUTO_BACKFILL_ROOM_COUNT', '2026-05-12 14:31:56', '2026-05-12 14:31:56'),
(68, 'BF-14-LOA_AM_TRAN', 'Loa âm trần', 'Backfill', 'VN', 'Giảng đường đa năng', '502DN', 'LAB_EQUIPMENT', 'LOA_AM_TRAN', NULL, NULL, NULL, 2, NULL, NULL, NULL, NULL, NULL, NULL, NULL, 14, 'IN_USE', 'AUTO_BACKFILL_ROOM_COUNT', '2026-05-12 14:31:56', '2026-05-12 14:31:56'),
(69, 'BF-14-MAY_LANH', 'Máy lạnh', 'Backfill', 'VN', 'Giảng đường đa năng', '502DN', 'LAB_EQUIPMENT', 'MAY_LANH', NULL, NULL, NULL, 2, NULL, NULL, NULL, NULL, NULL, NULL, NULL, 14, 'IN_USE', 'AUTO_BACKFILL_ROOM_COUNT', '2026-05-12 14:31:56', '2026-05-12 14:31:56'),
(70, 'BF-14-MICROPHONE', 'Microphone', 'Backfill', 'VN', 'Giảng đường đa năng', '502DN', 'LAB_EQUIPMENT', 'MICROPHONE', NULL, NULL, NULL, 1, NULL, NULL, NULL, NULL, NULL, NULL, NULL, 14, 'IN_USE', 'AUTO_BACKFILL_ROOM_COUNT', '2026-05-12 14:31:56', '2026-05-12 14:31:56'),
(71, 'BF-15-BAN_HOC', 'Bàn học', 'Backfill', 'VN', 'Giảng đường đa năng', '504DN', 'FURNITURE', 'BAN_HOC', NULL, NULL, NULL, 25, NULL, NULL, NULL, NULL, NULL, NULL, NULL, 15, 'IN_USE', 'AUTO_BACKFILL_ROOM_COUNT', '2026-05-12 14:31:56', '2026-05-12 14:31:56'),
(72, 'BF-15-GHE_HOC', 'Ghế học', 'Backfill', 'VN', 'Giảng đường đa năng', '504DN', 'FURNITURE', 'GHE_HOC', NULL, NULL, NULL, 50, NULL, NULL, NULL, NULL, NULL, NULL, NULL, 15, 'IN_USE', 'AUTO_BACKFILL_ROOM_COUNT', '2026-05-12 14:31:56', '2026-05-12 14:31:56'),
(73, 'BF-15-LOA_AM_TRAN', 'Loa âm trần', 'Backfill', 'VN', 'Giảng đường đa năng', '504DN', 'LAB_EQUIPMENT', 'LOA_AM_TRAN', NULL, NULL, NULL, 2, NULL, NULL, NULL, NULL, NULL, NULL, NULL, 15, 'IN_USE', 'AUTO_BACKFILL_ROOM_COUNT', '2026-05-12 14:31:56', '2026-05-12 14:31:56'),
(74, 'BF-15-MAY_LANH', 'Máy lạnh', 'Backfill', 'VN', 'Giảng đường đa năng', '504DN', 'LAB_EQUIPMENT', 'MAY_LANH', NULL, NULL, NULL, 2, NULL, NULL, NULL, NULL, NULL, NULL, NULL, 15, 'IN_USE', 'AUTO_BACKFILL_ROOM_COUNT', '2026-05-12 14:31:56', '2026-05-12 14:31:56'),
(75, 'BF-15-MICROPHONE', 'Microphone', 'Backfill', 'VN', 'Giảng đường đa năng', '504DN', 'LAB_EQUIPMENT', 'MICROPHONE', NULL, NULL, NULL, 1, NULL, NULL, NULL, NULL, NULL, NULL, NULL, 15, 'IN_USE', 'AUTO_BACKFILL_ROOM_COUNT', '2026-05-12 14:31:56', '2026-05-12 14:31:56'),
(76, 'BF-16-BAN_HOC', 'Bàn học', 'Backfill', 'VN', 'Kỹ thuật ô tô', 'P4E6', 'FURNITURE', 'BAN_HOC', NULL, NULL, NULL, 45, NULL, NULL, NULL, NULL, NULL, NULL, NULL, 16, 'IN_USE', 'AUTO_BACKFILL_ROOM_COUNT', '2026-05-12 14:31:56', '2026-05-12 14:31:56'),
(77, 'BF-16-GHE_HOC', 'Ghế học', 'Backfill', 'VN', 'Kỹ thuật ô tô', 'P4E6', 'FURNITURE', 'GHE_HOC', NULL, NULL, NULL, 90, NULL, NULL, NULL, NULL, NULL, NULL, NULL, 16, 'IN_USE', 'AUTO_BACKFILL_ROOM_COUNT', '2026-05-12 14:31:56', '2026-05-12 14:31:56'),
(78, 'BF-16-LOA_AM_TRAN', 'Loa âm trần', 'Backfill', 'VN', 'Kỹ thuật ô tô', 'P4E6', 'LAB_EQUIPMENT', 'LOA_AM_TRAN', NULL, NULL, NULL, 3, NULL, NULL, NULL, NULL, NULL, NULL, NULL, 16, 'IN_USE', 'AUTO_BACKFILL_ROOM_COUNT', '2026-05-12 14:31:56', '2026-05-12 14:31:56'),
(79, 'BF-16-MAY_LANH', 'Máy lạnh', 'Backfill', 'VN', 'Kỹ thuật ô tô', 'P4E6', 'LAB_EQUIPMENT', 'MAY_LANH', NULL, NULL, NULL, 4, NULL, NULL, NULL, NULL, NULL, NULL, NULL, 16, 'IN_USE', 'AUTO_BACKFILL_ROOM_COUNT', '2026-05-12 14:31:56', '2026-05-12 14:31:56'),
(80, 'BF-16-MICROPHONE', 'Microphone', 'Backfill', 'VN', 'Kỹ thuật ô tô', 'P4E6', 'LAB_EQUIPMENT', 'MICROPHONE', NULL, NULL, NULL, 2, NULL, NULL, NULL, NULL, NULL, NULL, NULL, 16, 'IN_USE', 'AUTO_BACKFILL_ROOM_COUNT', '2026-05-12 14:31:56', '2026-05-12 14:31:56'),
(81, 'BF-17-BAN_HOC', 'Bàn học', 'Backfill', 'VN', 'Giảng đường đa năng', '401DN', 'FURNITURE', 'BAN_HOC', NULL, NULL, NULL, 25, NULL, NULL, NULL, NULL, NULL, NULL, NULL, 17, 'IN_USE', 'AUTO_BACKFILL_ROOM_COUNT', '2026-05-12 14:31:56', '2026-05-12 14:31:56'),
(82, 'BF-17-GHE_HOC', 'Ghế học', 'Backfill', 'VN', 'Giảng đường đa năng', '401DN', 'FURNITURE', 'GHE_HOC', NULL, NULL, NULL, 50, NULL, NULL, NULL, NULL, NULL, NULL, NULL, 17, 'IN_USE', 'AUTO_BACKFILL_ROOM_COUNT', '2026-05-12 14:31:56', '2026-05-12 14:31:56'),
(83, 'BF-17-LOA_AM_TRAN', 'Loa âm trần', 'Backfill', 'VN', 'Giảng đường đa năng', '401DN', 'LAB_EQUIPMENT', 'LOA_AM_TRAN', NULL, NULL, NULL, 2, NULL, NULL, NULL, NULL, NULL, NULL, NULL, 17, 'IN_USE', 'AUTO_BACKFILL_ROOM_COUNT', '2026-05-12 14:31:56', '2026-05-12 14:31:56'),
(84, 'BF-17-MAY_LANH', 'Máy lạnh', 'Backfill', 'VN', 'Giảng đường đa năng', '401DN', 'LAB_EQUIPMENT', 'MAY_LANH', NULL, NULL, NULL, 2, NULL, NULL, NULL, NULL, NULL, NULL, NULL, 17, 'IN_USE', 'AUTO_BACKFILL_ROOM_COUNT', '2026-05-12 14:31:56', '2026-05-12 14:31:56'),
(85, 'BF-17-MICROPHONE', 'Microphone', 'Backfill', 'VN', 'Giảng đường đa năng', '401DN', 'LAB_EQUIPMENT', 'MICROPHONE', NULL, NULL, NULL, 1, NULL, NULL, NULL, NULL, NULL, NULL, NULL, 17, 'IN_USE', 'AUTO_BACKFILL_ROOM_COUNT', '2026-05-12 14:31:56', '2026-05-12 14:31:56'),
(86, 'BF-18-BAN_HOC', 'Bàn học', 'Backfill', 'VN', 'Giảng đường đa năng', '404DN', 'FURNITURE', 'BAN_HOC', NULL, NULL, NULL, 25, NULL, NULL, NULL, NULL, NULL, NULL, NULL, 18, 'IN_USE', 'AUTO_BACKFILL_ROOM_COUNT', '2026-05-12 14:31:56', '2026-05-12 14:31:56'),
(87, 'BF-18-GHE_HOC', 'Ghế học', 'Backfill', 'VN', 'Giảng đường đa năng', '404DN', 'FURNITURE', 'GHE_HOC', NULL, NULL, NULL, 50, NULL, NULL, NULL, NULL, NULL, NULL, NULL, 18, 'IN_USE', 'AUTO_BACKFILL_ROOM_COUNT', '2026-05-12 14:31:56', '2026-05-12 14:31:56'),
(88, 'BF-18-LOA_AM_TRAN', 'Loa âm trần', 'Backfill', 'VN', 'Giảng đường đa năng', '404DN', 'LAB_EQUIPMENT', 'LOA_AM_TRAN', NULL, NULL, NULL, 2, NULL, NULL, NULL, NULL, NULL, NULL, NULL, 18, 'IN_USE', 'AUTO_BACKFILL_ROOM_COUNT', '2026-05-12 14:31:56', '2026-05-12 14:31:56'),
(89, 'BF-18-MAY_LANH', 'Máy lạnh', 'Backfill', 'VN', 'Giảng đường đa năng', '404DN', 'LAB_EQUIPMENT', 'MAY_LANH', NULL, NULL, NULL, 2, NULL, NULL, NULL, NULL, NULL, NULL, NULL, 18, 'IN_USE', 'AUTO_BACKFILL_ROOM_COUNT', '2026-05-12 14:31:56', '2026-05-12 14:31:56'),
(90, 'BF-18-MICROPHONE', 'Microphone', 'Backfill', 'VN', 'Giảng đường đa năng', '404DN', 'LAB_EQUIPMENT', 'MICROPHONE', NULL, NULL, NULL, 1, NULL, NULL, NULL, NULL, NULL, NULL, NULL, 18, 'IN_USE', 'AUTO_BACKFILL_ROOM_COUNT', '2026-05-12 14:31:56', '2026-05-12 14:31:56'),
(91, 'BF-19-BAN_HOC', 'Bàn học', 'Backfill', 'VN', 'Giảng đường đa năng', '402DN', 'FURNITURE', 'BAN_HOC', NULL, NULL, NULL, 25, NULL, NULL, NULL, NULL, NULL, NULL, NULL, 19, 'IN_USE', 'AUTO_BACKFILL_ROOM_COUNT', '2026-05-12 14:31:56', '2026-05-12 14:31:56'),
(92, 'BF-19-GHE_HOC', 'Ghế học', 'Backfill', 'VN', 'Giảng đường đa năng', '402DN', 'FURNITURE', 'GHE_HOC', NULL, NULL, NULL, 50, NULL, NULL, NULL, NULL, NULL, NULL, NULL, 19, 'IN_USE', 'AUTO_BACKFILL_ROOM_COUNT', '2026-05-12 14:31:56', '2026-05-12 14:31:56'),
(93, 'BF-19-LOA_AM_TRAN', 'Loa âm trần', 'Backfill', 'VN', 'Giảng đường đa năng', '402DN', 'LAB_EQUIPMENT', 'LOA_AM_TRAN', NULL, NULL, NULL, 2, NULL, NULL, NULL, NULL, NULL, NULL, NULL, 19, 'IN_USE', 'AUTO_BACKFILL_ROOM_COUNT', '2026-05-12 14:31:56', '2026-05-12 14:31:56'),
(94, 'BF-19-MAY_LANH', 'Máy lạnh', 'Backfill', 'VN', 'Giảng đường đa năng', '402DN', 'LAB_EQUIPMENT', 'MAY_LANH', NULL, NULL, NULL, 2, NULL, NULL, NULL, NULL, NULL, NULL, NULL, 19, 'IN_USE', 'AUTO_BACKFILL_ROOM_COUNT', '2026-05-12 14:31:56', '2026-05-12 14:31:56'),
(95, 'BF-19-MICROPHONE', 'Microphone', 'Backfill', 'VN', 'Giảng đường đa năng', '402DN', 'LAB_EQUIPMENT', 'MICROPHONE', NULL, NULL, NULL, 1, NULL, NULL, NULL, NULL, NULL, NULL, NULL, 19, 'IN_USE', 'AUTO_BACKFILL_ROOM_COUNT', '2026-05-12 14:31:56', '2026-05-12 14:31:56'),
(96, 'BF-20-BAN_HOC', 'Bàn học', 'Backfill', 'VN', 'Lý thuyết', 'P203C2', 'FURNITURE', 'BAN_HOC', NULL, NULL, NULL, 45, NULL, NULL, NULL, NULL, NULL, NULL, NULL, 20, 'IN_USE', 'AUTO_BACKFILL_ROOM_COUNT', '2026-05-12 14:31:56', '2026-05-12 14:31:56'),
(97, 'BF-20-GHE_HOC', 'Ghế học', 'Backfill', 'VN', 'Lý thuyết', 'P203C2', 'FURNITURE', 'GHE_HOC', NULL, NULL, NULL, 90, NULL, NULL, NULL, NULL, NULL, NULL, NULL, 20, 'IN_USE', 'AUTO_BACKFILL_ROOM_COUNT', '2026-05-12 14:31:56', '2026-05-12 14:31:56'),
(98, 'BF-20-LOA_AM_TRAN', 'Loa âm trần', 'Backfill', 'VN', 'Lý thuyết', 'P203C2', 'LAB_EQUIPMENT', 'LOA_AM_TRAN', NULL, NULL, NULL, 3, NULL, NULL, NULL, NULL, NULL, NULL, NULL, 20, 'IN_USE', 'AUTO_BACKFILL_ROOM_COUNT', '2026-05-12 14:31:56', '2026-05-12 14:31:56'),
(99, 'BF-20-MAY_LANH', 'Máy lạnh', 'Backfill', 'VN', 'Lý thuyết', 'P203C2', 'LAB_EQUIPMENT', 'MAY_LANH', NULL, NULL, NULL, 4, NULL, NULL, NULL, NULL, NULL, NULL, NULL, 20, 'IN_USE', 'AUTO_BACKFILL_ROOM_COUNT', '2026-05-12 14:31:56', '2026-05-12 14:31:56'),
(100, 'BF-20-MICROPHONE', 'Microphone', 'Backfill', 'VN', 'Lý thuyết', 'P203C2', 'LAB_EQUIPMENT', 'MICROPHONE', NULL, NULL, NULL, 2, NULL, NULL, NULL, NULL, NULL, NULL, NULL, 20, 'IN_USE', 'AUTO_BACKFILL_ROOM_COUNT', '2026-05-12 14:31:56', '2026-05-12 14:31:56'),
(101, 'BF-21-BAN_HOC', 'Bàn học', 'Backfill', 'VN', 'Giảng đường đa năng', '201DN', 'FURNITURE', 'BAN_HOC', NULL, NULL, NULL, 25, NULL, NULL, NULL, NULL, NULL, NULL, NULL, 21, 'IN_USE', 'AUTO_BACKFILL_ROOM_COUNT', '2026-05-12 14:31:56', '2026-05-12 14:31:56'),
(102, 'BF-21-GHE_HOC', 'Ghế học', 'Backfill', 'VN', 'Giảng đường đa năng', '201DN', 'FURNITURE', 'GHE_HOC', NULL, NULL, NULL, 50, NULL, NULL, NULL, NULL, NULL, NULL, NULL, 21, 'IN_USE', 'AUTO_BACKFILL_ROOM_COUNT', '2026-05-12 14:31:56', '2026-05-12 14:31:56'),
(103, 'BF-21-LOA_AM_TRAN', 'Loa âm trần', 'Backfill', 'VN', 'Giảng đường đa năng', '201DN', 'LAB_EQUIPMENT', 'LOA_AM_TRAN', NULL, NULL, NULL, 2, NULL, NULL, NULL, NULL, NULL, NULL, NULL, 21, 'IN_USE', 'AUTO_BACKFILL_ROOM_COUNT', '2026-05-12 14:31:56', '2026-05-12 14:31:56'),
(104, 'BF-21-MAY_LANH', 'Máy lạnh', 'Backfill', 'VN', 'Giảng đường đa năng', '201DN', 'LAB_EQUIPMENT', 'MAY_LANH', NULL, NULL, NULL, 2, NULL, NULL, NULL, NULL, NULL, NULL, NULL, 21, 'IN_USE', 'AUTO_BACKFILL_ROOM_COUNT', '2026-05-12 14:31:56', '2026-05-12 14:31:56'),
(105, 'BF-21-MICROPHONE', 'Microphone', 'Backfill', 'VN', 'Giảng đường đa năng', '201DN', 'LAB_EQUIPMENT', 'MICROPHONE', NULL, NULL, NULL, 1, NULL, NULL, NULL, NULL, NULL, NULL, NULL, 21, 'IN_USE', 'AUTO_BACKFILL_ROOM_COUNT', '2026-05-12 14:31:56', '2026-05-12 14:31:56'),
(106, 'BF-22-BAN_HOC', 'Bàn học', 'Backfill', 'VN', 'Lý thuyết', 'P503C2', 'FURNITURE', 'BAN_HOC', NULL, NULL, NULL, 45, NULL, NULL, NULL, NULL, NULL, NULL, NULL, 22, 'IN_USE', 'AUTO_BACKFILL_ROOM_COUNT', '2026-05-12 14:31:56', '2026-05-12 14:31:56'),
(107, 'BF-22-GHE_HOC', 'Ghế học', 'Backfill', 'VN', 'Lý thuyết', 'P503C2', 'FURNITURE', 'GHE_HOC', NULL, NULL, NULL, 90, NULL, NULL, NULL, NULL, NULL, NULL, NULL, 22, 'IN_USE', 'AUTO_BACKFILL_ROOM_COUNT', '2026-05-12 14:31:56', '2026-05-12 14:31:56'),
(108, 'BF-22-LOA_AM_TRAN', 'Loa âm trần', 'Backfill', 'VN', 'Lý thuyết', 'P503C2', 'LAB_EQUIPMENT', 'LOA_AM_TRAN', NULL, NULL, NULL, 3, NULL, NULL, NULL, NULL, NULL, NULL, NULL, 22, 'IN_USE', 'AUTO_BACKFILL_ROOM_COUNT', '2026-05-12 14:31:56', '2026-05-12 14:31:56'),
(109, 'BF-22-MAY_LANH', 'Máy lạnh', 'Backfill', 'VN', 'Lý thuyết', 'P503C2', 'LAB_EQUIPMENT', 'MAY_LANH', NULL, NULL, NULL, 4, NULL, NULL, NULL, NULL, NULL, NULL, NULL, 22, 'IN_USE', 'AUTO_BACKFILL_ROOM_COUNT', '2026-05-12 14:31:56', '2026-05-12 14:31:56'),
(110, 'BF-22-MICROPHONE', 'Microphone', 'Backfill', 'VN', 'Lý thuyết', 'P503C2', 'LAB_EQUIPMENT', 'MICROPHONE', NULL, NULL, NULL, 2, NULL, NULL, NULL, NULL, NULL, NULL, NULL, 22, 'IN_USE', 'AUTO_BACKFILL_ROOM_COUNT', '2026-05-12 14:31:56', '2026-05-12 14:31:56'),
(111, 'BF-23-BAN_HOC', 'Bàn học', 'Backfill', 'VN', 'Kỹ thuật ô tô', 'P5E8', 'FURNITURE', 'BAN_HOC', NULL, NULL, NULL, 10, NULL, NULL, NULL, NULL, NULL, NULL, NULL, 23, 'IN_USE', 'AUTO_BACKFILL_ROOM_COUNT', '2026-05-12 14:31:56', '2026-05-12 14:31:56'),
(112, 'BF-23-GHE_HOC', 'Ghế học', 'Backfill', 'VN', 'Kỹ thuật ô tô', 'P5E8', 'FURNITURE', 'GHE_HOC', NULL, NULL, NULL, 18, NULL, NULL, NULL, NULL, NULL, NULL, NULL, 23, 'IN_USE', 'AUTO_BACKFILL_ROOM_COUNT', '2026-05-12 14:31:56', '2026-05-12 14:31:56'),
(113, 'BF-23-LOA_AM_TRAN', 'Loa âm trần', 'Backfill', 'VN', 'Kỹ thuật ô tô', 'P5E8', 'LAB_EQUIPMENT', 'LOA_AM_TRAN', NULL, NULL, NULL, 2, NULL, NULL, NULL, NULL, NULL, NULL, NULL, 23, 'IN_USE', 'AUTO_BACKFILL_ROOM_COUNT', '2026-05-12 14:31:56', '2026-05-12 14:31:56'),
(114, 'BF-23-MAY_LANH', 'Máy lạnh', 'Backfill', 'VN', 'Kỹ thuật ô tô', 'P5E8', 'LAB_EQUIPMENT', 'MAY_LANH', NULL, NULL, NULL, 2, NULL, NULL, NULL, NULL, NULL, NULL, NULL, 23, 'IN_USE', 'AUTO_BACKFILL_ROOM_COUNT', '2026-05-12 14:31:56', '2026-05-12 14:31:56'),
(115, 'BF-23-MICROPHONE', 'Microphone', 'Backfill', 'VN', 'Kỹ thuật ô tô', 'P5E8', 'LAB_EQUIPMENT', 'MICROPHONE', NULL, NULL, NULL, 1, NULL, NULL, NULL, NULL, NULL, NULL, NULL, 23, 'IN_USE', 'AUTO_BACKFILL_ROOM_COUNT', '2026-05-12 14:31:56', '2026-05-12 14:31:56'),
(116, 'BF-24-BAN_HOC', 'Bàn học', 'Backfill', 'VN', 'B??? m??n', 'P3E4', 'FURNITURE', 'BAN_HOC', NULL, NULL, NULL, 45, NULL, NULL, NULL, NULL, NULL, NULL, NULL, 24, 'IN_USE', 'AUTO_BACKFILL_ROOM_COUNT', '2026-05-12 14:31:56', '2026-05-12 14:31:56'),
(117, 'BF-24-GHE_HOC', 'Ghế học', 'Backfill', 'VN', 'B??? m??n', 'P3E4', 'FURNITURE', 'GHE_HOC', NULL, NULL, NULL, 90, NULL, NULL, NULL, NULL, NULL, NULL, NULL, 24, 'IN_USE', 'AUTO_BACKFILL_ROOM_COUNT', '2026-05-12 14:31:56', '2026-05-12 14:31:56'),
(118, 'BF-24-LOA_AM_TRAN', 'Loa âm trần', 'Backfill', 'VN', 'B??? m??n', 'P3E4', 'LAB_EQUIPMENT', 'LOA_AM_TRAN', NULL, NULL, NULL, 3, NULL, NULL, NULL, NULL, NULL, NULL, NULL, 24, 'IN_USE', 'AUTO_BACKFILL_ROOM_COUNT', '2026-05-12 14:31:56', '2026-05-12 14:31:56'),
(119, 'BF-24-MAY_LANH', 'Máy lạnh', 'Backfill', 'VN', 'B??? m??n', 'P3E4', 'LAB_EQUIPMENT', 'MAY_LANH', NULL, NULL, NULL, 4, NULL, NULL, NULL, NULL, NULL, NULL, NULL, 24, 'IN_USE', 'AUTO_BACKFILL_ROOM_COUNT', '2026-05-12 14:31:56', '2026-05-12 14:31:56'),
(120, 'BF-24-MICROPHONE', 'Microphone', 'Backfill', 'VN', 'B??? m??n', 'P3E4', 'LAB_EQUIPMENT', 'MICROPHONE', NULL, NULL, NULL, 2, NULL, NULL, NULL, NULL, NULL, NULL, NULL, 24, 'IN_USE', 'AUTO_BACKFILL_ROOM_COUNT', '2026-05-12 14:31:56', '2026-05-12 14:31:56'),
(121, 'BF-25-BAN_HOC', 'Bàn học', 'Backfill', 'VN', 'Lý thuyết', 'P202C2', 'FURNITURE', 'BAN_HOC', NULL, NULL, NULL, 45, NULL, NULL, NULL, NULL, NULL, NULL, NULL, 25, 'IN_USE', 'AUTO_BACKFILL_ROOM_COUNT', '2026-05-12 14:31:56', '2026-05-12 14:31:56'),
(122, 'BF-25-GHE_HOC', 'Ghế học', 'Backfill', 'VN', 'Lý thuyết', 'P202C2', 'FURNITURE', 'GHE_HOC', NULL, NULL, NULL, 90, NULL, NULL, NULL, NULL, NULL, NULL, NULL, 25, 'IN_USE', 'AUTO_BACKFILL_ROOM_COUNT', '2026-05-12 14:31:56', '2026-05-12 14:31:56'),
(123, 'BF-25-LOA_AM_TRAN', 'Loa âm trần', 'Backfill', 'VN', 'Lý thuyết', 'P202C2', 'LAB_EQUIPMENT', 'LOA_AM_TRAN', NULL, NULL, NULL, 3, NULL, NULL, NULL, NULL, NULL, NULL, NULL, 25, 'IN_USE', 'AUTO_BACKFILL_ROOM_COUNT', '2026-05-12 14:31:56', '2026-05-12 14:31:56'),
(124, 'BF-25-MAY_LANH', 'Máy lạnh', 'Backfill', 'VN', 'Lý thuyết', 'P202C2', 'LAB_EQUIPMENT', 'MAY_LANH', NULL, NULL, NULL, 4, NULL, NULL, NULL, NULL, NULL, NULL, NULL, 25, 'IN_USE', 'AUTO_BACKFILL_ROOM_COUNT', '2026-05-12 14:31:56', '2026-05-12 14:31:56'),
(125, 'BF-25-MICROPHONE', 'Microphone', 'Backfill', 'VN', 'Lý thuyết', 'P202C2', 'LAB_EQUIPMENT', 'MICROPHONE', NULL, NULL, NULL, 2, NULL, NULL, NULL, NULL, NULL, NULL, NULL, 25, 'IN_USE', 'AUTO_BACKFILL_ROOM_COUNT', '2026-05-12 14:31:56', '2026-05-12 14:31:56'),
(126, 'BF-26-GHE_HOC', 'Ghế học', 'Backfill', 'VN', 'Hội trường', 'HT C1', 'FURNITURE', 'GHE_HOC', NULL, NULL, NULL, 200, NULL, NULL, NULL, NULL, NULL, NULL, NULL, 26, 'IN_USE', 'AUTO_BACKFILL_ROOM_COUNT', '2026-05-12 14:31:56', '2026-05-12 14:31:56'),
(127, 'BF-26-LOA_AM_TRAN', 'Loa âm trần', 'Backfill', 'VN', 'Hội trường', 'HT C1', 'LAB_EQUIPMENT', 'LOA_AM_TRAN', NULL, NULL, NULL, 6, NULL, NULL, NULL, NULL, NULL, NULL, NULL, 26, 'IN_USE', 'AUTO_BACKFILL_ROOM_COUNT', '2026-05-12 14:31:56', '2026-05-12 14:31:56'),
(128, 'BF-26-MAY_LANH', 'Máy lạnh', 'Backfill', 'VN', 'Hội trường', 'HT C1', 'LAB_EQUIPMENT', 'MAY_LANH', NULL, NULL, NULL, 9, NULL, NULL, NULL, NULL, NULL, NULL, NULL, 26, 'IN_USE', 'AUTO_BACKFILL_ROOM_COUNT', '2026-05-12 14:31:56', '2026-05-12 14:31:56'),
(129, 'BF-26-MICROPHONE', 'Microphone', 'Backfill', 'VN', 'Hội trường', 'HT C1', 'LAB_EQUIPMENT', 'MICROPHONE', NULL, NULL, NULL, 2, NULL, NULL, NULL, NULL, NULL, NULL, NULL, 26, 'IN_USE', 'AUTO_BACKFILL_ROOM_COUNT', '2026-05-12 14:31:56', '2026-05-12 14:31:56'),
(130, 'BF-27-BAN_HOC', 'Bàn học', 'Backfill', 'VN', 'Lý thuyết', 'P304C2', 'FURNITURE', 'BAN_HOC', NULL, NULL, NULL, 45, NULL, NULL, NULL, NULL, NULL, NULL, NULL, 27, 'IN_USE', 'AUTO_BACKFILL_ROOM_COUNT', '2026-05-12 14:31:56', '2026-05-12 14:31:56'),
(131, 'BF-27-GHE_HOC', 'Ghế học', 'Backfill', 'VN', 'Lý thuyết', 'P304C2', 'FURNITURE', 'GHE_HOC', NULL, NULL, NULL, 90, NULL, NULL, NULL, NULL, NULL, NULL, NULL, 27, 'IN_USE', 'AUTO_BACKFILL_ROOM_COUNT', '2026-05-12 14:31:56', '2026-05-12 14:31:56'),
(132, 'BF-27-LOA_AM_TRAN', 'Loa âm trần', 'Backfill', 'VN', 'Lý thuyết', 'P304C2', 'LAB_EQUIPMENT', 'LOA_AM_TRAN', NULL, NULL, NULL, 3, NULL, NULL, NULL, NULL, NULL, NULL, NULL, 27, 'IN_USE', 'AUTO_BACKFILL_ROOM_COUNT', '2026-05-12 14:31:56', '2026-05-12 14:31:56'),
(133, 'BF-27-MAY_LANH', 'Máy lạnh', 'Backfill', 'VN', 'Lý thuyết', 'P304C2', 'LAB_EQUIPMENT', 'MAY_LANH', NULL, NULL, NULL, 4, NULL, NULL, NULL, NULL, NULL, NULL, NULL, 27, 'IN_USE', 'AUTO_BACKFILL_ROOM_COUNT', '2026-05-12 14:31:56', '2026-05-12 14:31:56'),
(134, 'BF-27-MICROPHONE', 'Microphone', 'Backfill', 'VN', 'Lý thuyết', 'P304C2', 'LAB_EQUIPMENT', 'MICROPHONE', NULL, NULL, NULL, 2, NULL, NULL, NULL, NULL, NULL, NULL, NULL, 27, 'IN_USE', 'AUTO_BACKFILL_ROOM_COUNT', '2026-05-12 14:31:56', '2026-05-12 14:31:56'),
(135, 'BF-28-BAN_HOC', 'Bàn học', 'Backfill', 'VN', 'Quản trị kinh doanh', 'P2E3', 'FURNITURE', 'BAN_HOC', NULL, NULL, NULL, 45, NULL, NULL, NULL, NULL, NULL, NULL, NULL, 28, 'IN_USE', 'AUTO_BACKFILL_ROOM_COUNT', '2026-05-12 14:31:56', '2026-05-12 14:31:56'),
(136, 'BF-28-GHE_HOC', 'Ghế học', 'Backfill', 'VN', 'Quản trị kinh doanh', 'P2E3', 'FURNITURE', 'GHE_HOC', NULL, NULL, NULL, 90, NULL, NULL, NULL, NULL, NULL, NULL, NULL, 28, 'IN_USE', 'AUTO_BACKFILL_ROOM_COUNT', '2026-05-12 14:31:56', '2026-05-12 14:31:56'),
(137, 'BF-28-LOA_AM_TRAN', 'Loa âm trần', 'Backfill', 'VN', 'Quản trị kinh doanh', 'P2E3', 'LAB_EQUIPMENT', 'LOA_AM_TRAN', NULL, NULL, NULL, 3, NULL, NULL, NULL, NULL, NULL, NULL, NULL, 28, 'IN_USE', 'AUTO_BACKFILL_ROOM_COUNT', '2026-05-12 14:31:56', '2026-05-12 14:31:56'),
(138, 'BF-28-MAY_LANH', 'Máy lạnh', 'Backfill', 'VN', 'Quản trị kinh doanh', 'P2E3', 'LAB_EQUIPMENT', 'MAY_LANH', NULL, NULL, NULL, 4, NULL, NULL, NULL, NULL, NULL, NULL, NULL, 28, 'IN_USE', 'AUTO_BACKFILL_ROOM_COUNT', '2026-05-12 14:31:56', '2026-05-12 14:31:56'),
(139, 'BF-28-MICROPHONE', 'Microphone', 'Backfill', 'VN', 'Quản trị kinh doanh', 'P2E3', 'LAB_EQUIPMENT', 'MICROPHONE', NULL, NULL, NULL, 2, NULL, NULL, NULL, NULL, NULL, NULL, NULL, 28, 'IN_USE', 'AUTO_BACKFILL_ROOM_COUNT', '2026-05-12 14:31:56', '2026-05-12 14:31:56'),
(140, 'BF-29-BAN_HOC', 'Bàn học', 'Backfill', 'VN', 'Bộ môn', 'P1E4', 'FURNITURE', 'BAN_HOC', NULL, NULL, NULL, 45, NULL, NULL, NULL, NULL, NULL, NULL, NULL, 29, 'IN_USE', 'AUTO_BACKFILL_ROOM_COUNT', '2026-05-12 14:31:56', '2026-05-12 14:31:56'),
(141, 'BF-29-GHE_HOC', 'Ghế học', 'Backfill', 'VN', 'Bộ môn', 'P1E4', 'FURNITURE', 'GHE_HOC', NULL, NULL, NULL, 90, NULL, NULL, NULL, NULL, NULL, NULL, NULL, 29, 'IN_USE', 'AUTO_BACKFILL_ROOM_COUNT', '2026-05-12 14:31:56', '2026-05-12 14:31:56'),
(142, 'BF-29-LOA_AM_TRAN', 'Loa âm trần', 'Backfill', 'VN', 'Bộ môn', 'P1E4', 'LAB_EQUIPMENT', 'LOA_AM_TRAN', NULL, NULL, NULL, 3, NULL, NULL, NULL, NULL, NULL, NULL, NULL, 29, 'IN_USE', 'AUTO_BACKFILL_ROOM_COUNT', '2026-05-12 14:31:56', '2026-05-12 14:31:56'),
(143, 'BF-29-MAY_LANH', 'Máy lạnh', 'Backfill', 'VN', 'Bộ môn', 'P1E4', 'LAB_EQUIPMENT', 'MAY_LANH', NULL, NULL, NULL, 4, NULL, NULL, NULL, NULL, NULL, NULL, NULL, 29, 'IN_USE', 'AUTO_BACKFILL_ROOM_COUNT', '2026-05-12 14:31:56', '2026-05-12 14:31:56'),
(144, 'BF-29-MICROPHONE', 'Microphone', 'Backfill', 'VN', 'Bộ môn', 'P1E4', 'LAB_EQUIPMENT', 'MICROPHONE', NULL, NULL, NULL, 2, NULL, NULL, NULL, NULL, NULL, NULL, NULL, 29, 'IN_USE', 'AUTO_BACKFILL_ROOM_COUNT', '2026-05-12 14:31:56', '2026-05-12 14:31:56'),
(145, 'BF-30-BAN_HOC', 'Bàn học', 'Backfill', 'VN', 'Giảng đường đa năng', '203DN', 'FURNITURE', 'BAN_HOC', NULL, NULL, NULL, 25, NULL, NULL, NULL, NULL, NULL, NULL, NULL, 30, 'IN_USE', 'AUTO_BACKFILL_ROOM_COUNT', '2026-05-12 14:31:56', '2026-05-12 14:31:56'),
(146, 'BF-30-GHE_HOC', 'Ghế học', 'Backfill', 'VN', 'Giảng đường đa năng', '203DN', 'FURNITURE', 'GHE_HOC', NULL, NULL, NULL, 50, NULL, NULL, NULL, NULL, NULL, NULL, NULL, 30, 'IN_USE', 'AUTO_BACKFILL_ROOM_COUNT', '2026-05-12 14:31:56', '2026-05-12 14:31:56'),
(147, 'BF-30-LOA_AM_TRAN', 'Loa âm trần', 'Backfill', 'VN', 'Giảng đường đa năng', '203DN', 'LAB_EQUIPMENT', 'LOA_AM_TRAN', NULL, NULL, NULL, 2, NULL, NULL, NULL, NULL, NULL, NULL, NULL, 30, 'IN_USE', 'AUTO_BACKFILL_ROOM_COUNT', '2026-05-12 14:31:56', '2026-05-12 14:31:56'),
(148, 'BF-30-MAY_LANH', 'Máy lạnh', 'Backfill', 'VN', 'Giảng đường đa năng', '203DN', 'LAB_EQUIPMENT', 'MAY_LANH', NULL, NULL, NULL, 2, NULL, NULL, NULL, NULL, NULL, NULL, NULL, 30, 'IN_USE', 'AUTO_BACKFILL_ROOM_COUNT', '2026-05-12 14:31:56', '2026-05-12 14:31:56'),
(149, 'BF-30-MICROPHONE', 'Microphone', 'Backfill', 'VN', 'Giảng đường đa năng', '203DN', 'LAB_EQUIPMENT', 'MICROPHONE', NULL, NULL, NULL, 1, NULL, NULL, NULL, NULL, NULL, NULL, NULL, 30, 'IN_USE', 'AUTO_BACKFILL_ROOM_COUNT', '2026-05-12 14:31:56', '2026-05-12 14:31:56'),
(150, 'BF-31-BAN_HOC', 'Bàn học', 'Backfill', 'VN', 'Lý thuyết', 'P301C2', 'FURNITURE', 'BAN_HOC', NULL, NULL, NULL, 45, NULL, NULL, NULL, NULL, NULL, NULL, NULL, 31, 'IN_USE', 'AUTO_BACKFILL_ROOM_COUNT', '2026-05-12 14:31:56', '2026-05-12 14:31:56'),
(151, 'BF-31-GHE_HOC', 'Ghế học', 'Backfill', 'VN', 'Lý thuyết', 'P301C2', 'FURNITURE', 'GHE_HOC', NULL, NULL, NULL, 90, NULL, NULL, NULL, NULL, NULL, NULL, NULL, 31, 'IN_USE', 'AUTO_BACKFILL_ROOM_COUNT', '2026-05-12 14:31:56', '2026-05-12 14:31:56'),
(152, 'BF-31-LOA_AM_TRAN', 'Loa âm trần', 'Backfill', 'VN', 'Lý thuyết', 'P301C2', 'LAB_EQUIPMENT', 'LOA_AM_TRAN', NULL, NULL, NULL, 3, NULL, NULL, NULL, NULL, NULL, NULL, NULL, 31, 'IN_USE', 'AUTO_BACKFILL_ROOM_COUNT', '2026-05-12 14:31:56', '2026-05-12 14:31:56'),
(153, 'BF-31-MAY_LANH', 'Máy lạnh', 'Backfill', 'VN', 'Lý thuyết', 'P301C2', 'LAB_EQUIPMENT', 'MAY_LANH', NULL, NULL, NULL, 4, NULL, NULL, NULL, NULL, NULL, NULL, NULL, 31, 'IN_USE', 'AUTO_BACKFILL_ROOM_COUNT', '2026-05-12 14:31:56', '2026-05-12 14:31:56'),
(154, 'BF-31-MICROPHONE', 'Microphone', 'Backfill', 'VN', 'Lý thuyết', 'P301C2', 'LAB_EQUIPMENT', 'MICROPHONE', NULL, NULL, NULL, 2, NULL, NULL, NULL, NULL, NULL, NULL, NULL, 31, 'IN_USE', 'AUTO_BACKFILL_ROOM_COUNT', '2026-05-12 14:31:56', '2026-05-12 14:31:56'),
(155, 'BF-32-BAN_HOC', 'Bàn học', 'Backfill', 'VN', 'Bộ môn', 'P1E3', 'FURNITURE', 'BAN_HOC', NULL, NULL, NULL, 45, NULL, NULL, NULL, NULL, NULL, NULL, NULL, 32, 'IN_USE', 'AUTO_BACKFILL_ROOM_COUNT', '2026-05-12 14:31:56', '2026-05-12 14:31:56'),
(156, 'BF-32-GHE_HOC', 'Ghế học', 'Backfill', 'VN', 'Bộ môn', 'P1E3', 'FURNITURE', 'GHE_HOC', NULL, NULL, NULL, 90, NULL, NULL, NULL, NULL, NULL, NULL, NULL, 32, 'IN_USE', 'AUTO_BACKFILL_ROOM_COUNT', '2026-05-12 14:31:56', '2026-05-12 14:31:56'),
(157, 'BF-32-LOA_AM_TRAN', 'Loa âm trần', 'Backfill', 'VN', 'Bộ môn', 'P1E3', 'LAB_EQUIPMENT', 'LOA_AM_TRAN', NULL, NULL, NULL, 3, NULL, NULL, NULL, NULL, NULL, NULL, NULL, 32, 'IN_USE', 'AUTO_BACKFILL_ROOM_COUNT', '2026-05-12 14:31:56', '2026-05-12 14:31:56'),
(158, 'BF-32-MAY_LANH', 'Máy lạnh', 'Backfill', 'VN', 'Bộ môn', 'P1E3', 'LAB_EQUIPMENT', 'MAY_LANH', NULL, NULL, NULL, 4, NULL, NULL, NULL, NULL, NULL, NULL, NULL, 32, 'IN_USE', 'AUTO_BACKFILL_ROOM_COUNT', '2026-05-12 14:31:56', '2026-05-12 14:31:56'),
(159, 'BF-32-MICROPHONE', 'Microphone', 'Backfill', 'VN', 'Bộ môn', 'P1E3', 'LAB_EQUIPMENT', 'MICROPHONE', NULL, NULL, NULL, 2, NULL, NULL, NULL, NULL, NULL, NULL, NULL, 32, 'IN_USE', 'AUTO_BACKFILL_ROOM_COUNT', '2026-05-12 14:31:56', '2026-05-12 14:31:56'),
(160, 'BF-33-BAN_HOC', 'Bàn học', 'Backfill', 'VN', 'Bộ môn', 'P1E6', 'FURNITURE', 'BAN_HOC', NULL, NULL, NULL, 45, NULL, NULL, NULL, NULL, NULL, NULL, NULL, 33, 'IN_USE', 'AUTO_BACKFILL_ROOM_COUNT', '2026-05-12 14:31:56', '2026-05-12 14:31:56'),
(161, 'BF-33-GHE_HOC', 'Ghế học', 'Backfill', 'VN', 'Bộ môn', 'P1E6', 'FURNITURE', 'GHE_HOC', NULL, NULL, NULL, 90, NULL, NULL, NULL, NULL, NULL, NULL, NULL, 33, 'IN_USE', 'AUTO_BACKFILL_ROOM_COUNT', '2026-05-12 14:31:56', '2026-05-12 14:31:56'),
(162, 'BF-33-LOA_AM_TRAN', 'Loa âm trần', 'Backfill', 'VN', 'Bộ môn', 'P1E6', 'LAB_EQUIPMENT', 'LOA_AM_TRAN', NULL, NULL, NULL, 3, NULL, NULL, NULL, NULL, NULL, NULL, NULL, 33, 'IN_USE', 'AUTO_BACKFILL_ROOM_COUNT', '2026-05-12 14:31:56', '2026-05-12 14:31:56'),
(163, 'BF-33-MAY_LANH', 'Máy lạnh', 'Backfill', 'VN', 'Bộ môn', 'P1E6', 'LAB_EQUIPMENT', 'MAY_LANH', NULL, NULL, NULL, 4, NULL, NULL, NULL, NULL, NULL, NULL, NULL, 33, 'IN_USE', 'AUTO_BACKFILL_ROOM_COUNT', '2026-05-12 14:31:56', '2026-05-12 14:31:56'),
(164, 'BF-33-MICROPHONE', 'Microphone', 'Backfill', 'VN', 'Bộ môn', 'P1E6', 'LAB_EQUIPMENT', 'MICROPHONE', NULL, NULL, NULL, 2, NULL, NULL, NULL, NULL, NULL, NULL, NULL, 33, 'IN_USE', 'AUTO_BACKFILL_ROOM_COUNT', '2026-05-12 14:31:56', '2026-05-12 14:31:56'),
(165, 'BF-34-BAN_HOC', 'Bàn học', 'Backfill', 'VN', 'Giảng đường đa năng', '301DN', 'FURNITURE', 'BAN_HOC', NULL, NULL, NULL, 25, NULL, NULL, NULL, NULL, NULL, NULL, NULL, 34, 'IN_USE', 'AUTO_BACKFILL_ROOM_COUNT', '2026-05-12 14:31:56', '2026-05-12 14:31:56'),
(166, 'BF-34-GHE_HOC', 'Ghế học', 'Backfill', 'VN', 'Giảng đường đa năng', '301DN', 'FURNITURE', 'GHE_HOC', NULL, NULL, NULL, 50, NULL, NULL, NULL, NULL, NULL, NULL, NULL, 34, 'IN_USE', 'AUTO_BACKFILL_ROOM_COUNT', '2026-05-12 14:31:56', '2026-05-12 14:31:56'),
(167, 'BF-34-LOA_AM_TRAN', 'Loa âm trần', 'Backfill', 'VN', 'Giảng đường đa năng', '301DN', 'LAB_EQUIPMENT', 'LOA_AM_TRAN', NULL, NULL, NULL, 2, NULL, NULL, NULL, NULL, NULL, NULL, NULL, 34, 'IN_USE', 'AUTO_BACKFILL_ROOM_COUNT', '2026-05-12 14:31:56', '2026-05-12 14:31:56'),
(168, 'BF-34-MAY_LANH', 'Máy lạnh', 'Backfill', 'VN', 'Giảng đường đa năng', '301DN', 'LAB_EQUIPMENT', 'MAY_LANH', NULL, NULL, NULL, 2, NULL, NULL, NULL, NULL, NULL, NULL, NULL, 34, 'IN_USE', 'AUTO_BACKFILL_ROOM_COUNT', '2026-05-12 14:31:56', '2026-05-12 14:31:56'),
(169, 'BF-34-MICROPHONE', 'Microphone', 'Backfill', 'VN', 'Giảng đường đa năng', '301DN', 'LAB_EQUIPMENT', 'MICROPHONE', NULL, NULL, NULL, 1, NULL, NULL, NULL, NULL, NULL, NULL, NULL, 34, 'IN_USE', 'AUTO_BACKFILL_ROOM_COUNT', '2026-05-12 14:31:56', '2026-05-12 14:31:56'),
(170, 'BF-35-BAN_HOC', 'Bàn học', 'Backfill', 'VN', 'Phòng máy tính', 'P102E7', 'FURNITURE', 'BAN_HOC', NULL, NULL, NULL, 26, NULL, NULL, NULL, NULL, NULL, NULL, NULL, 35, 'IN_USE', 'AUTO_BACKFILL_ROOM_COUNT', '2026-05-12 14:31:56', '2026-05-12 14:31:56'),
(171, 'BF-35-GHE_HOC', 'Ghế học', 'Backfill', 'VN', 'Phòng máy tính', 'P102E7', 'FURNITURE', 'GHE_HOC', NULL, NULL, NULL, 52, NULL, NULL, NULL, NULL, NULL, NULL, NULL, 35, 'IN_USE', 'AUTO_BACKFILL_ROOM_COUNT', '2026-05-12 14:31:56', '2026-05-12 14:31:56'),
(172, 'BF-35-LOA_AM_TRAN', 'Loa âm trần', 'Backfill', 'VN', 'Phòng máy tính', 'P102E7', 'LAB_EQUIPMENT', 'LOA_AM_TRAN', NULL, NULL, NULL, 2, NULL, NULL, NULL, NULL, NULL, NULL, NULL, 35, 'IN_USE', 'AUTO_BACKFILL_ROOM_COUNT', '2026-05-12 14:31:56', '2026-05-12 14:31:56'),
(173, 'BF-35-MAY_LANH', 'Máy lạnh', 'Backfill', 'VN', 'Phòng máy tính', 'P102E7', 'LAB_EQUIPMENT', 'MAY_LANH', NULL, NULL, NULL, 3, NULL, NULL, NULL, NULL, NULL, NULL, NULL, 35, 'IN_USE', 'AUTO_BACKFILL_ROOM_COUNT', '2026-05-12 14:31:56', '2026-05-12 14:31:56'),
(174, 'BF-36-BAN_HOC', 'Bàn học', 'Backfill', 'VN', 'Công nghệ thông tin', 'P3E5', 'FURNITURE', 'BAN_HOC', NULL, NULL, NULL, 45, NULL, NULL, NULL, NULL, NULL, NULL, NULL, 36, 'IN_USE', 'AUTO_BACKFILL_ROOM_COUNT', '2026-05-12 14:31:56', '2026-05-12 14:31:56'),
(175, 'BF-36-GHE_HOC', 'Ghế học', 'Backfill', 'VN', 'Công nghệ thông tin', 'P3E5', 'FURNITURE', 'GHE_HOC', NULL, NULL, NULL, 90, NULL, NULL, NULL, NULL, NULL, NULL, NULL, 36, 'IN_USE', 'AUTO_BACKFILL_ROOM_COUNT', '2026-05-12 14:31:56', '2026-05-12 14:31:56'),
(176, 'BF-36-LOA_AM_TRAN', 'Loa âm trần', 'Backfill', 'VN', 'Công nghệ thông tin', 'P3E5', 'LAB_EQUIPMENT', 'LOA_AM_TRAN', NULL, NULL, NULL, 3, NULL, NULL, NULL, NULL, NULL, NULL, NULL, 36, 'IN_USE', 'AUTO_BACKFILL_ROOM_COUNT', '2026-05-12 14:31:56', '2026-05-12 14:31:56'),
(177, 'BF-36-MAY_LANH', 'Máy lạnh', 'Backfill', 'VN', 'Công nghệ thông tin', 'P3E5', 'LAB_EQUIPMENT', 'MAY_LANH', NULL, NULL, NULL, 4, NULL, NULL, NULL, NULL, NULL, NULL, NULL, 36, 'IN_USE', 'AUTO_BACKFILL_ROOM_COUNT', '2026-05-12 14:31:56', '2026-05-12 14:31:56'),
(178, 'BF-36-MICROPHONE', 'Microphone', 'Backfill', 'VN', 'Công nghệ thông tin', 'P3E5', 'LAB_EQUIPMENT', 'MICROPHONE', NULL, NULL, NULL, 2, NULL, NULL, NULL, NULL, NULL, NULL, NULL, 36, 'IN_USE', 'AUTO_BACKFILL_ROOM_COUNT', '2026-05-12 14:31:56', '2026-05-12 14:31:56'),
(179, 'BF-37-BAN_HOC', 'Bàn học', 'Backfill', 'VN', 'Công nghệ thông tin', 'P2E5', 'FURNITURE', 'BAN_HOC', NULL, NULL, NULL, 45, NULL, NULL, NULL, NULL, NULL, NULL, NULL, 37, 'IN_USE', 'AUTO_BACKFILL_ROOM_COUNT', '2026-05-12 14:31:56', '2026-05-12 14:31:56'),
(180, 'BF-37-GHE_HOC', 'Ghế học', 'Backfill', 'VN', 'Công nghệ thông tin', 'P2E5', 'FURNITURE', 'GHE_HOC', NULL, NULL, NULL, 90, NULL, NULL, NULL, NULL, NULL, NULL, NULL, 37, 'IN_USE', 'AUTO_BACKFILL_ROOM_COUNT', '2026-05-12 14:31:56', '2026-05-12 14:31:56'),
(181, 'BF-37-LOA_AM_TRAN', 'Loa âm trần', 'Backfill', 'VN', 'Công nghệ thông tin', 'P2E5', 'LAB_EQUIPMENT', 'LOA_AM_TRAN', NULL, NULL, NULL, 3, NULL, NULL, NULL, NULL, NULL, NULL, NULL, 37, 'IN_USE', 'AUTO_BACKFILL_ROOM_COUNT', '2026-05-12 14:31:56', '2026-05-12 14:31:56'),
(182, 'BF-37-MAY_LANH', 'Máy lạnh', 'Backfill', 'VN', 'Công nghệ thông tin', 'P2E5', 'LAB_EQUIPMENT', 'MAY_LANH', NULL, NULL, NULL, 4, NULL, NULL, NULL, NULL, NULL, NULL, NULL, 37, 'IN_USE', 'AUTO_BACKFILL_ROOM_COUNT', '2026-05-12 14:31:56', '2026-05-12 14:31:56'),
(183, 'BF-37-MICROPHONE', 'Microphone', 'Backfill', 'VN', 'Công nghệ thông tin', 'P2E5', 'LAB_EQUIPMENT', 'MICROPHONE', NULL, NULL, NULL, 2, NULL, NULL, NULL, NULL, NULL, NULL, NULL, 37, 'IN_USE', 'AUTO_BACKFILL_ROOM_COUNT', '2026-05-12 14:31:56', '2026-05-12 14:31:56'),
(184, 'BF-38-BAN_HOC', 'Bàn học', 'Backfill', 'VN', 'Lý thuyết', 'P504C2', 'FURNITURE', 'BAN_HOC', NULL, NULL, NULL, 45, NULL, NULL, NULL, NULL, NULL, NULL, NULL, 38, 'IN_USE', 'AUTO_BACKFILL_ROOM_COUNT', '2026-05-12 14:31:56', '2026-05-12 14:31:56'),
(185, 'BF-38-GHE_HOC', 'Ghế học', 'Backfill', 'VN', 'Lý thuyết', 'P504C2', 'FURNITURE', 'GHE_HOC', NULL, NULL, NULL, 90, NULL, NULL, NULL, NULL, NULL, NULL, NULL, 38, 'IN_USE', 'AUTO_BACKFILL_ROOM_COUNT', '2026-05-12 14:31:56', '2026-05-12 14:31:56'),
(186, 'BF-38-LOA_AM_TRAN', 'Loa âm trần', 'Backfill', 'VN', 'Lý thuyết', 'P504C2', 'LAB_EQUIPMENT', 'LOA_AM_TRAN', NULL, NULL, NULL, 3, NULL, NULL, NULL, NULL, NULL, NULL, NULL, 38, 'IN_USE', 'AUTO_BACKFILL_ROOM_COUNT', '2026-05-12 14:31:56', '2026-05-12 14:31:56'),
(187, 'BF-38-MAY_LANH', 'Máy lạnh', 'Backfill', 'VN', 'Lý thuyết', 'P504C2', 'LAB_EQUIPMENT', 'MAY_LANH', NULL, NULL, NULL, 4, NULL, NULL, NULL, NULL, NULL, NULL, NULL, 38, 'IN_USE', 'AUTO_BACKFILL_ROOM_COUNT', '2026-05-12 14:31:56', '2026-05-12 14:31:56'),
(188, 'BF-38-MICROPHONE', 'Microphone', 'Backfill', 'VN', 'Lý thuyết', 'P504C2', 'LAB_EQUIPMENT', 'MICROPHONE', NULL, NULL, NULL, 2, NULL, NULL, NULL, NULL, NULL, NULL, NULL, 38, 'IN_USE', 'AUTO_BACKFILL_ROOM_COUNT', '2026-05-12 14:31:56', '2026-05-12 14:31:56'),
(189, 'BF-39-BAN_HOC', 'Bàn học', 'Backfill', 'VN', 'Thực hành điện', 'P3E6', 'FURNITURE', 'BAN_HOC', NULL, NULL, NULL, 45, NULL, NULL, NULL, NULL, NULL, NULL, NULL, 39, 'IN_USE', 'AUTO_BACKFILL_ROOM_COUNT', '2026-05-12 14:31:56', '2026-05-12 14:31:56'),
(190, 'BF-39-GHE_HOC', 'Ghế học', 'Backfill', 'VN', 'Thực hành điện', 'P3E6', 'FURNITURE', 'GHE_HOC', NULL, NULL, NULL, 90, NULL, NULL, NULL, NULL, NULL, NULL, NULL, 39, 'IN_USE', 'AUTO_BACKFILL_ROOM_COUNT', '2026-05-12 14:31:56', '2026-05-12 14:31:56'),
(191, 'BF-39-LOA_AM_TRAN', 'Loa âm trần', 'Backfill', 'VN', 'Thực hành điện', 'P3E6', 'LAB_EQUIPMENT', 'LOA_AM_TRAN', NULL, NULL, NULL, 3, NULL, NULL, NULL, NULL, NULL, NULL, NULL, 39, 'IN_USE', 'AUTO_BACKFILL_ROOM_COUNT', '2026-05-12 14:31:56', '2026-05-12 14:31:56'),
(192, 'BF-39-MAY_LANH', 'Máy lạnh', 'Backfill', 'VN', 'Thực hành điện', 'P3E6', 'LAB_EQUIPMENT', 'MAY_LANH', NULL, NULL, NULL, 4, NULL, NULL, NULL, NULL, NULL, NULL, NULL, 39, 'IN_USE', 'AUTO_BACKFILL_ROOM_COUNT', '2026-05-12 14:31:56', '2026-05-12 14:31:56'),
(193, 'BF-39-MICROPHONE', 'Microphone', 'Backfill', 'VN', 'Thực hành điện', 'P3E6', 'LAB_EQUIPMENT', 'MICROPHONE', NULL, NULL, NULL, 2, NULL, NULL, NULL, NULL, NULL, NULL, NULL, 39, 'IN_USE', 'AUTO_BACKFILL_ROOM_COUNT', '2026-05-12 14:31:56', '2026-05-12 14:31:56'),
(194, 'BF-40-BAN_HOC', 'Bàn học', 'Backfill', 'VN', 'Kỹ thuật ô tô', 'P3E8', 'FURNITURE', 'BAN_HOC', NULL, NULL, NULL, 10, NULL, NULL, NULL, NULL, NULL, NULL, NULL, 40, 'IN_USE', 'AUTO_BACKFILL_ROOM_COUNT', '2026-05-12 14:31:56', '2026-05-12 14:31:56'),
(195, 'BF-40-GHE_HOC', 'Ghế học', 'Backfill', 'VN', 'Kỹ thuật ô tô', 'P3E8', 'FURNITURE', 'GHE_HOC', NULL, NULL, NULL, 18, NULL, NULL, NULL, NULL, NULL, NULL, NULL, 40, 'IN_USE', 'AUTO_BACKFILL_ROOM_COUNT', '2026-05-12 14:31:56', '2026-05-12 14:31:56'),
(196, 'BF-40-LOA_AM_TRAN', 'Loa âm trần', 'Backfill', 'VN', 'Kỹ thuật ô tô', 'P3E8', 'LAB_EQUIPMENT', 'LOA_AM_TRAN', NULL, NULL, NULL, 2, NULL, NULL, NULL, NULL, NULL, NULL, NULL, 40, 'IN_USE', 'AUTO_BACKFILL_ROOM_COUNT', '2026-05-12 14:31:56', '2026-05-12 14:31:56'),
(197, 'BF-40-MAY_LANH', 'Máy lạnh', 'Backfill', 'VN', 'Kỹ thuật ô tô', 'P3E8', 'LAB_EQUIPMENT', 'MAY_LANH', NULL, NULL, NULL, 2, NULL, NULL, NULL, NULL, NULL, NULL, NULL, 40, 'IN_USE', 'AUTO_BACKFILL_ROOM_COUNT', '2026-05-12 14:31:56', '2026-05-12 14:31:56'),
(198, 'BF-40-MICROPHONE', 'Microphone', 'Backfill', 'VN', 'Kỹ thuật ô tô', 'P3E8', 'LAB_EQUIPMENT', 'MICROPHONE', NULL, NULL, NULL, 1, NULL, NULL, NULL, NULL, NULL, NULL, NULL, 40, 'IN_USE', 'AUTO_BACKFILL_ROOM_COUNT', '2026-05-12 14:31:56', '2026-05-12 14:31:56'),
(199, 'BF-41-BAN_HOC', 'Bàn học', 'Backfill', 'VN', 'Thực hành điện', 'P4E3', 'FURNITURE', 'BAN_HOC', NULL, NULL, NULL, 35, NULL, NULL, NULL, NULL, NULL, NULL, NULL, 41, 'IN_USE', 'AUTO_BACKFILL_ROOM_COUNT', '2026-05-12 14:31:56', '2026-05-12 14:31:56'),
(200, 'BF-41-GHE_HOC', 'Ghế học', 'Backfill', 'VN', 'Thực hành điện', 'P4E3', 'FURNITURE', 'GHE_HOC', NULL, NULL, NULL, 35, NULL, NULL, NULL, NULL, NULL, NULL, NULL, 41, 'IN_USE', 'AUTO_BACKFILL_ROOM_COUNT', '2026-05-12 14:31:56', '2026-05-12 14:31:56'),
(201, 'BF-41-LOA_AM_TRAN', 'Loa âm trần', 'Backfill', 'VN', 'Thực hành điện', 'P4E3', 'LAB_EQUIPMENT', 'LOA_AM_TRAN', NULL, NULL, NULL, 2, NULL, NULL, NULL, NULL, NULL, NULL, NULL, 41, 'IN_USE', 'AUTO_BACKFILL_ROOM_COUNT', '2026-05-12 14:31:56', '2026-05-12 14:31:56'),
(202, 'BF-41-MAY_LANH', 'Máy lạnh', 'Backfill', 'VN', 'Thực hành điện', 'P4E3', 'LAB_EQUIPMENT', 'MAY_LANH', NULL, NULL, NULL, 2, NULL, NULL, NULL, NULL, NULL, NULL, NULL, 41, 'IN_USE', 'AUTO_BACKFILL_ROOM_COUNT', '2026-05-12 14:31:56', '2026-05-12 14:31:56'),
(203, 'BF-41-MICROPHONE', 'Microphone', 'Backfill', 'VN', 'Thực hành điện', 'P4E3', 'LAB_EQUIPMENT', 'MICROPHONE', NULL, NULL, NULL, 1, NULL, NULL, NULL, NULL, NULL, NULL, NULL, 41, 'IN_USE', 'AUTO_BACKFILL_ROOM_COUNT', '2026-05-12 14:31:56', '2026-05-12 14:31:56'),
(204, 'BF-42-BAN_HOC', 'Bàn học', 'Backfill', 'VN', 'Giảng đường đa năng', '501DN', 'FURNITURE', 'BAN_HOC', NULL, NULL, NULL, 25, NULL, NULL, NULL, NULL, NULL, NULL, NULL, 42, 'IN_USE', 'AUTO_BACKFILL_ROOM_COUNT', '2026-05-12 14:31:56', '2026-05-12 14:31:56'),
(205, 'BF-42-GHE_HOC', 'Ghế học', 'Backfill', 'VN', 'Giảng đường đa năng', '501DN', 'FURNITURE', 'GHE_HOC', NULL, NULL, NULL, 50, NULL, NULL, NULL, NULL, NULL, NULL, NULL, 42, 'IN_USE', 'AUTO_BACKFILL_ROOM_COUNT', '2026-05-12 14:31:56', '2026-05-12 14:31:56'),
(206, 'BF-42-LOA_AM_TRAN', 'Loa âm trần', 'Backfill', 'VN', 'Giảng đường đa năng', '501DN', 'LAB_EQUIPMENT', 'LOA_AM_TRAN', NULL, NULL, NULL, 2, NULL, NULL, NULL, NULL, NULL, NULL, NULL, 42, 'IN_USE', 'AUTO_BACKFILL_ROOM_COUNT', '2026-05-12 14:31:56', '2026-05-12 14:31:56'),
(207, 'BF-42-MAY_LANH', 'Máy lạnh', 'Backfill', 'VN', 'Giảng đường đa năng', '501DN', 'LAB_EQUIPMENT', 'MAY_LANH', NULL, NULL, NULL, 2, NULL, NULL, NULL, NULL, NULL, NULL, NULL, 42, 'IN_USE', 'AUTO_BACKFILL_ROOM_COUNT', '2026-05-12 14:31:56', '2026-05-12 14:31:56'),
(208, 'BF-42-MICROPHONE', 'Microphone', 'Backfill', 'VN', 'Giảng đường đa năng', '501DN', 'LAB_EQUIPMENT', 'MICROPHONE', NULL, NULL, NULL, 1, NULL, NULL, NULL, NULL, NULL, NULL, NULL, 42, 'IN_USE', 'AUTO_BACKFILL_ROOM_COUNT', '2026-05-12 14:31:56', '2026-05-12 14:31:56'),
(209, 'BF-43-BAN_HOC', 'Bàn học', 'Backfill', 'VN', 'Phòng máy tính', 'P203E7', 'FURNITURE', 'BAN_HOC', NULL, NULL, NULL, 20, NULL, NULL, NULL, NULL, NULL, NULL, NULL, 43, 'IN_USE', 'AUTO_BACKFILL_ROOM_COUNT', '2026-05-12 14:31:56', '2026-05-12 14:31:56'),
(210, 'BF-43-GHE_HOC', 'Ghế học', 'Backfill', 'VN', 'Phòng máy tính', 'P203E7', 'FURNITURE', 'GHE_HOC', NULL, NULL, NULL, 40, NULL, NULL, NULL, NULL, NULL, NULL, NULL, 43, 'IN_USE', 'AUTO_BACKFILL_ROOM_COUNT', '2026-05-12 14:31:56', '2026-05-12 14:31:56'),
(211, 'BF-43-LOA_AM_TRAN', 'Loa âm trần', 'Backfill', 'VN', 'Phòng máy tính', 'P203E7', 'LAB_EQUIPMENT', 'LOA_AM_TRAN', NULL, NULL, NULL, 2, NULL, NULL, NULL, NULL, NULL, NULL, NULL, 43, 'IN_USE', 'AUTO_BACKFILL_ROOM_COUNT', '2026-05-12 14:31:56', '2026-05-12 14:31:56'),
(212, 'BF-43-MAY_LANH', 'Máy lạnh', 'Backfill', 'VN', 'Phòng máy tính', 'P203E7', 'LAB_EQUIPMENT', 'MAY_LANH', NULL, NULL, NULL, 2, NULL, NULL, NULL, NULL, NULL, NULL, NULL, 43, 'IN_USE', 'AUTO_BACKFILL_ROOM_COUNT', '2026-05-12 14:31:56', '2026-05-12 14:31:56'),
(213, 'BF-44-BAN_HOC', 'Bàn học', 'Backfill', 'VN', 'Phòng máy tính', 'P204E7', 'FURNITURE', 'BAN_HOC', NULL, NULL, NULL, 26, NULL, NULL, NULL, NULL, NULL, NULL, NULL, 44, 'IN_USE', 'AUTO_BACKFILL_ROOM_COUNT', '2026-05-12 14:31:56', '2026-05-12 14:31:56'),
(214, 'BF-44-GHE_HOC', 'Ghế học', 'Backfill', 'VN', 'Phòng máy tính', 'P204E7', 'FURNITURE', 'GHE_HOC', NULL, NULL, NULL, 52, NULL, NULL, NULL, NULL, NULL, NULL, NULL, 44, 'IN_USE', 'AUTO_BACKFILL_ROOM_COUNT', '2026-05-12 14:31:56', '2026-05-12 14:31:56'),
(215, 'BF-44-LOA_AM_TRAN', 'Loa âm trần', 'Backfill', 'VN', 'Phòng máy tính', 'P204E7', 'LAB_EQUIPMENT', 'LOA_AM_TRAN', NULL, NULL, NULL, 2, NULL, NULL, NULL, NULL, NULL, NULL, NULL, 44, 'IN_USE', 'AUTO_BACKFILL_ROOM_COUNT', '2026-05-12 14:31:56', '2026-05-12 14:31:56'),
(216, 'BF-44-MAY_LANH', 'Máy lạnh', 'Backfill', 'VN', 'Phòng máy tính', 'P204E7', 'LAB_EQUIPMENT', 'MAY_LANH', NULL, NULL, NULL, 3, NULL, NULL, NULL, NULL, NULL, NULL, NULL, 44, 'IN_USE', 'AUTO_BACKFILL_ROOM_COUNT', '2026-05-12 14:31:56', '2026-05-12 14:31:56'),
(217, 'BF-45-BAN_HOC', 'Bàn học', 'Backfill', 'VN', 'Phòng máy tính', 'P206E7', 'FURNITURE', 'BAN_HOC', NULL, NULL, NULL, 25, NULL, NULL, NULL, NULL, NULL, NULL, NULL, 45, 'IN_USE', 'AUTO_BACKFILL_ROOM_COUNT', '2026-05-12 14:31:56', '2026-05-12 14:31:56'),
(218, 'BF-45-GHE_HOC', 'Ghế học', 'Backfill', 'VN', 'Phòng máy tính', 'P206E7', 'FURNITURE', 'GHE_HOC', NULL, NULL, NULL, 50, NULL, NULL, NULL, NULL, NULL, NULL, NULL, 45, 'IN_USE', 'AUTO_BACKFILL_ROOM_COUNT', '2026-05-12 14:31:56', '2026-05-12 14:31:56'),
(219, 'BF-45-LOA_AM_TRAN', 'Loa âm trần', 'Backfill', 'VN', 'Phòng máy tính', 'P206E7', 'LAB_EQUIPMENT', 'LOA_AM_TRAN', NULL, NULL, NULL, 2, NULL, NULL, NULL, NULL, NULL, NULL, NULL, 45, 'IN_USE', 'AUTO_BACKFILL_ROOM_COUNT', '2026-05-12 14:31:56', '2026-05-12 14:31:56'),
(220, 'BF-45-MAY_LANH', 'Máy lạnh', 'Backfill', 'VN', 'Phòng máy tính', 'P206E7', 'LAB_EQUIPMENT', 'MAY_LANH', NULL, NULL, NULL, 3, NULL, NULL, NULL, NULL, NULL, NULL, NULL, 45, 'IN_USE', 'AUTO_BACKFILL_ROOM_COUNT', '2026-05-12 14:31:56', '2026-05-12 14:31:56'),
(221, 'BF-46-BAN_HOC', 'Bàn học', 'Backfill', 'VN', 'Kỹ thuật ô tô', 'P4E9', 'FURNITURE', 'BAN_HOC', NULL, NULL, NULL, 10, NULL, NULL, NULL, NULL, NULL, NULL, NULL, 46, 'IN_USE', 'AUTO_BACKFILL_ROOM_COUNT', '2026-05-12 14:31:56', '2026-05-12 14:31:56'),
(222, 'BF-46-GHE_HOC', 'Ghế học', 'Backfill', 'VN', 'Kỹ thuật ô tô', 'P4E9', 'FURNITURE', 'GHE_HOC', NULL, NULL, NULL, 18, NULL, NULL, NULL, NULL, NULL, NULL, NULL, 46, 'IN_USE', 'AUTO_BACKFILL_ROOM_COUNT', '2026-05-12 14:31:56', '2026-05-12 14:31:56'),
(223, 'BF-46-LOA_AM_TRAN', 'Loa âm trần', 'Backfill', 'VN', 'Kỹ thuật ô tô', 'P4E9', 'LAB_EQUIPMENT', 'LOA_AM_TRAN', NULL, NULL, NULL, 2, NULL, NULL, NULL, NULL, NULL, NULL, NULL, 46, 'IN_USE', 'AUTO_BACKFILL_ROOM_COUNT', '2026-05-12 14:31:56', '2026-05-12 14:31:56'),
(224, 'BF-46-MAY_LANH', 'Máy lạnh', 'Backfill', 'VN', 'Kỹ thuật ô tô', 'P4E9', 'LAB_EQUIPMENT', 'MAY_LANH', NULL, NULL, NULL, 2, NULL, NULL, NULL, NULL, NULL, NULL, NULL, 46, 'IN_USE', 'AUTO_BACKFILL_ROOM_COUNT', '2026-05-12 14:31:56', '2026-05-12 14:31:56'),
(225, 'BF-46-MICROPHONE', 'Microphone', 'Backfill', 'VN', 'Kỹ thuật ô tô', 'P4E9', 'LAB_EQUIPMENT', 'MICROPHONE', NULL, NULL, NULL, 1, NULL, NULL, NULL, NULL, NULL, NULL, NULL, 46, 'IN_USE', 'AUTO_BACKFILL_ROOM_COUNT', '2026-05-12 14:31:56', '2026-05-12 14:31:56'),
(226, 'BF-47-BAN_HOC', 'Bàn học', 'Backfill', 'VN', 'Kỹ thuật ô tô', 'P4E8', 'FURNITURE', 'BAN_HOC', NULL, NULL, NULL, 10, NULL, NULL, NULL, NULL, NULL, NULL, NULL, 47, 'IN_USE', 'AUTO_BACKFILL_ROOM_COUNT', '2026-05-12 14:31:56', '2026-05-12 14:31:56'),
(227, 'BF-47-GHE_HOC', 'Ghế học', 'Backfill', 'VN', 'Kỹ thuật ô tô', 'P4E8', 'FURNITURE', 'GHE_HOC', NULL, NULL, NULL, 18, NULL, NULL, NULL, NULL, NULL, NULL, NULL, 47, 'IN_USE', 'AUTO_BACKFILL_ROOM_COUNT', '2026-05-12 14:31:56', '2026-05-12 14:31:56'),
(228, 'BF-47-LOA_AM_TRAN', 'Loa âm trần', 'Backfill', 'VN', 'Kỹ thuật ô tô', 'P4E8', 'LAB_EQUIPMENT', 'LOA_AM_TRAN', NULL, NULL, NULL, 2, NULL, NULL, NULL, NULL, NULL, NULL, NULL, 47, 'IN_USE', 'AUTO_BACKFILL_ROOM_COUNT', '2026-05-12 14:31:56', '2026-05-12 14:31:56'),
(229, 'BF-47-MAY_LANH', 'Máy lạnh', 'Backfill', 'VN', 'Kỹ thuật ô tô', 'P4E8', 'LAB_EQUIPMENT', 'MAY_LANH', NULL, NULL, NULL, 2, NULL, NULL, NULL, NULL, NULL, NULL, NULL, 47, 'IN_USE', 'AUTO_BACKFILL_ROOM_COUNT', '2026-05-12 14:31:56', '2026-05-12 14:31:56'),
(230, 'BF-47-MICROPHONE', 'Microphone', 'Backfill', 'VN', 'Kỹ thuật ô tô', 'P4E8', 'LAB_EQUIPMENT', 'MICROPHONE', NULL, NULL, NULL, 1, NULL, NULL, NULL, NULL, NULL, NULL, NULL, 47, 'IN_USE', 'AUTO_BACKFILL_ROOM_COUNT', '2026-05-12 14:31:56', '2026-05-12 14:31:56'),
(231, 'BF-48-BAN_HOC', 'Bàn học', 'Backfill', 'VN', 'Studio / Bàn vẽ', 'P4E5', 'FURNITURE', 'BAN_HOC', NULL, NULL, NULL, 30, NULL, NULL, NULL, NULL, NULL, NULL, NULL, 48, 'IN_USE', 'AUTO_BACKFILL_ROOM_COUNT', '2026-05-12 14:31:56', '2026-05-12 14:31:56'),
(232, 'BF-48-GHE_HOC', 'Ghế học', 'Backfill', 'VN', 'Studio / Bàn vẽ', 'P4E5', 'FURNITURE', 'GHE_HOC', NULL, NULL, NULL, 30, NULL, NULL, NULL, NULL, NULL, NULL, NULL, 48, 'IN_USE', 'AUTO_BACKFILL_ROOM_COUNT', '2026-05-12 14:31:56', '2026-05-12 14:31:56'),
(233, 'BF-48-LOA_AM_TRAN', 'Loa âm trần', 'Backfill', 'VN', 'Studio / Bàn vẽ', 'P4E5', 'LAB_EQUIPMENT', 'LOA_AM_TRAN', NULL, NULL, NULL, 1, NULL, NULL, NULL, NULL, NULL, NULL, NULL, 48, 'IN_USE', 'AUTO_BACKFILL_ROOM_COUNT', '2026-05-12 14:31:56', '2026-05-12 14:31:56'),
(234, 'BF-48-MAY_LANH', 'Máy lạnh', 'Backfill', 'VN', 'Studio / Bàn vẽ', 'P4E5', 'LAB_EQUIPMENT', 'MAY_LANH', NULL, NULL, NULL, 2, NULL, NULL, NULL, NULL, NULL, NULL, NULL, 48, 'IN_USE', 'AUTO_BACKFILL_ROOM_COUNT', '2026-05-12 14:31:56', '2026-05-12 14:31:56'),
(235, 'BF-48-MICROPHONE', 'Microphone', 'Backfill', 'VN', 'Studio / Bàn vẽ', 'P4E5', 'LAB_EQUIPMENT', 'MICROPHONE', NULL, NULL, NULL, 1, NULL, NULL, NULL, NULL, NULL, NULL, NULL, 48, 'IN_USE', 'AUTO_BACKFILL_ROOM_COUNT', '2026-05-12 14:31:56', '2026-05-12 14:31:56'),
(236, 'BF-49-BAN_HOC', 'Bàn học', 'Backfill', 'VN', 'Studio / Bàn vẽ', 'P2E6', 'FURNITURE', 'BAN_HOC', NULL, NULL, NULL, 45, NULL, NULL, NULL, NULL, NULL, NULL, NULL, 49, 'IN_USE', 'AUTO_BACKFILL_ROOM_COUNT', '2026-05-12 14:31:56', '2026-05-12 14:31:56'),
(237, 'BF-49-GHE_HOC', 'Ghế học', 'Backfill', 'VN', 'Studio / Bàn vẽ', 'P2E6', 'FURNITURE', 'GHE_HOC', NULL, NULL, NULL, 90, NULL, NULL, NULL, NULL, NULL, NULL, NULL, 49, 'IN_USE', 'AUTO_BACKFILL_ROOM_COUNT', '2026-05-12 14:31:56', '2026-05-12 14:31:56'),
(238, 'BF-49-LOA_AM_TRAN', 'Loa âm trần', 'Backfill', 'VN', 'Studio / Bàn vẽ', 'P2E6', 'LAB_EQUIPMENT', 'LOA_AM_TRAN', NULL, NULL, NULL, 1, NULL, NULL, NULL, NULL, NULL, NULL, NULL, 49, 'IN_USE', 'AUTO_BACKFILL_ROOM_COUNT', '2026-05-12 14:31:56', '2026-05-12 14:31:56'),
(239, 'BF-49-MAY_LANH', 'Máy lạnh', 'Backfill', 'VN', 'Studio / Bàn vẽ', 'P2E6', 'LAB_EQUIPMENT', 'MAY_LANH', NULL, NULL, NULL, 2, NULL, NULL, NULL, NULL, NULL, NULL, NULL, 49, 'IN_USE', 'AUTO_BACKFILL_ROOM_COUNT', '2026-05-12 14:31:56', '2026-05-12 14:31:56'),
(240, 'BF-49-MICROPHONE', 'Microphone', 'Backfill', 'VN', 'Studio / Bàn vẽ', 'P2E6', 'LAB_EQUIPMENT', 'MICROPHONE', NULL, NULL, NULL, 1, NULL, NULL, NULL, NULL, NULL, NULL, NULL, 49, 'IN_USE', 'AUTO_BACKFILL_ROOM_COUNT', '2026-05-12 14:31:56', '2026-05-12 14:31:56'),
(241, 'BF-52-BAN_HOC', 'Bàn học', 'Backfill', 'VN', 'Phòng máy tính', 'P111E7', 'FURNITURE', 'BAN_HOC', NULL, NULL, NULL, 31, NULL, NULL, NULL, NULL, NULL, NULL, NULL, 52, 'IN_USE', 'AUTO_BACKFILL_ROOM_COUNT', '2026-05-12 14:31:56', '2026-05-12 14:31:56'),
(242, 'BF-52-GHE_HOC', 'Ghế học', 'Backfill', 'VN', 'Phòng máy tính', 'P111E7', 'FURNITURE', 'GHE_HOC', NULL, NULL, NULL, 61, NULL, NULL, NULL, NULL, NULL, NULL, NULL, 52, 'IN_USE', 'AUTO_BACKFILL_ROOM_COUNT', '2026-05-12 14:31:56', '2026-05-12 14:31:56'),
(243, 'BF-52-LOA_AM_TRAN', 'Loa âm trần', 'Backfill', 'VN', 'Phòng máy tính', 'P111E7', 'LAB_EQUIPMENT', 'LOA_AM_TRAN', NULL, NULL, NULL, 2, NULL, NULL, NULL, NULL, NULL, NULL, NULL, 52, 'IN_USE', 'AUTO_BACKFILL_ROOM_COUNT', '2026-05-12 14:31:56', '2026-05-12 14:31:56'),
(244, 'BF-52-MAY_LANH', 'Máy lạnh', 'Backfill', 'VN', 'Phòng máy tính', 'P111E7', 'LAB_EQUIPMENT', 'MAY_LANH', NULL, NULL, NULL, 4, NULL, NULL, NULL, NULL, NULL, NULL, NULL, 52, 'IN_USE', 'AUTO_BACKFILL_ROOM_COUNT', '2026-05-12 14:31:56', '2026-05-12 14:31:56'),
(245, 'BF-53-BAN_HOC', 'Bàn học', 'Backfill', 'VN', 'Phòng máy tính', 'P202E7', 'FURNITURE', 'BAN_HOC', NULL, NULL, NULL, 34, NULL, NULL, NULL, NULL, NULL, NULL, NULL, 53, 'IN_USE', 'AUTO_BACKFILL_ROOM_COUNT', '2026-05-12 14:31:56', '2026-05-12 14:31:56'),
(246, 'BF-53-GHE_HOC', 'Ghế học', 'Backfill', 'VN', 'Phòng máy tính', 'P202E7', 'FURNITURE', 'GHE_HOC', NULL, NULL, NULL, 68, NULL, NULL, NULL, NULL, NULL, NULL, NULL, 53, 'IN_USE', 'AUTO_BACKFILL_ROOM_COUNT', '2026-05-12 14:31:56', '2026-05-12 14:31:56'),
(247, 'BF-53-LOA_AM_TRAN', 'Loa âm trần', 'Backfill', 'VN', 'Phòng máy tính', 'P202E7', 'LAB_EQUIPMENT', 'LOA_AM_TRAN', NULL, NULL, NULL, 2, NULL, NULL, NULL, NULL, NULL, NULL, NULL, 53, 'IN_USE', 'AUTO_BACKFILL_ROOM_COUNT', '2026-05-12 14:31:56', '2026-05-12 14:31:56'),
(248, 'BF-53-MAY_LANH', 'Máy lạnh', 'Backfill', 'VN', 'Phòng máy tính', 'P202E7', 'LAB_EQUIPMENT', 'MAY_LANH', NULL, NULL, NULL, 4, NULL, NULL, NULL, NULL, NULL, NULL, NULL, 53, 'IN_USE', 'AUTO_BACKFILL_ROOM_COUNT', '2026-05-12 14:31:56', '2026-05-12 14:31:56'),
(249, 'BF-54-BAN_HOC', 'Bàn học', 'Backfill', 'VN', 'Kỹ thuật ô tô', '3E9-1', 'FURNITURE', 'BAN_HOC', NULL, NULL, NULL, 10, NULL, NULL, NULL, NULL, NULL, NULL, NULL, 54, 'IN_USE', 'AUTO_BACKFILL_ROOM_COUNT', '2026-05-12 14:31:56', '2026-05-12 14:31:56'),
(250, 'BF-54-GHE_HOC', 'Ghế học', 'Backfill', 'VN', 'Kỹ thuật ô tô', '3E9-1', 'FURNITURE', 'GHE_HOC', NULL, NULL, NULL, 18, NULL, NULL, NULL, NULL, NULL, NULL, NULL, 54, 'IN_USE', 'AUTO_BACKFILL_ROOM_COUNT', '2026-05-12 14:31:56', '2026-05-12 14:31:56'),
(251, 'BF-54-LOA_AM_TRAN', 'Loa âm trần', 'Backfill', 'VN', 'Kỹ thuật ô tô', '3E9-1', 'LAB_EQUIPMENT', 'LOA_AM_TRAN', NULL, NULL, NULL, 2, NULL, NULL, NULL, NULL, NULL, NULL, NULL, 54, 'IN_USE', 'AUTO_BACKFILL_ROOM_COUNT', '2026-05-12 14:31:56', '2026-05-12 14:31:56'),
(252, 'BF-54-MAY_LANH', 'Máy lạnh', 'Backfill', 'VN', 'Kỹ thuật ô tô', '3E9-1', 'LAB_EQUIPMENT', 'MAY_LANH', NULL, NULL, NULL, 2, NULL, NULL, NULL, NULL, NULL, NULL, NULL, 54, 'IN_USE', 'AUTO_BACKFILL_ROOM_COUNT', '2026-05-12 14:31:56', '2026-05-12 14:31:56'),
(253, 'BF-54-MICROPHONE', 'Microphone', 'Backfill', 'VN', 'Kỹ thuật ô tô', '3E9-1', 'LAB_EQUIPMENT', 'MICROPHONE', NULL, NULL, NULL, 1, NULL, NULL, NULL, NULL, NULL, NULL, NULL, 54, 'IN_USE', 'AUTO_BACKFILL_ROOM_COUNT', '2026-05-12 14:31:56', '2026-05-12 14:31:56'),
(254, 'BF-55-BAN_HOC', 'Bàn học', 'Backfill', 'VN', 'Phòng máy tính', 'P106E7', 'FURNITURE', 'BAN_HOC', NULL, NULL, NULL, 29, NULL, NULL, NULL, NULL, NULL, NULL, NULL, 55, 'IN_USE', 'AUTO_BACKFILL_ROOM_COUNT', '2026-05-12 14:31:56', '2026-05-12 14:31:56'),
(255, 'BF-55-GHE_HOC', 'Ghế học', 'Backfill', 'VN', 'Phòng máy tính', 'P106E7', 'FURNITURE', 'GHE_HOC', NULL, NULL, NULL, 58, NULL, NULL, NULL, NULL, NULL, NULL, NULL, 55, 'IN_USE', 'AUTO_BACKFILL_ROOM_COUNT', '2026-05-12 14:31:56', '2026-05-12 14:31:56'),
(256, 'BF-55-LOA_AM_TRAN', 'Loa âm trần', 'Backfill', 'VN', 'Phòng máy tính', 'P106E7', 'LAB_EQUIPMENT', 'LOA_AM_TRAN', NULL, NULL, NULL, 2, NULL, NULL, NULL, NULL, NULL, NULL, NULL, 55, 'IN_USE', 'AUTO_BACKFILL_ROOM_COUNT', '2026-05-12 14:31:56', '2026-05-12 14:31:56'),
(257, 'BF-55-MAY_LANH', 'Máy lạnh', 'Backfill', 'VN', 'Phòng máy tính', 'P106E7', 'LAB_EQUIPMENT', 'MAY_LANH', NULL, NULL, NULL, 3, NULL, NULL, NULL, NULL, NULL, NULL, NULL, 55, 'IN_USE', 'AUTO_BACKFILL_ROOM_COUNT', '2026-05-12 14:31:56', '2026-05-12 14:31:56'),
(258, 'BF-56-BAN_HOC', 'Bàn học', 'Backfill', 'VN', 'B??? m??n', 'Thực hành bên ngoài', 'FURNITURE', 'BAN_HOC', NULL, NULL, NULL, 45, NULL, NULL, NULL, NULL, NULL, NULL, NULL, 56, 'IN_USE', 'AUTO_BACKFILL_ROOM_COUNT', '2026-05-12 14:31:56', '2026-05-12 14:31:56'),
(259, 'BF-56-GHE_HOC', 'Ghế học', 'Backfill', 'VN', 'B??? m??n', 'Thực hành bên ngoài', 'FURNITURE', 'GHE_HOC', NULL, NULL, NULL, 90, NULL, NULL, NULL, NULL, NULL, NULL, NULL, 56, 'IN_USE', 'AUTO_BACKFILL_ROOM_COUNT', '2026-05-12 14:31:56', '2026-05-12 14:31:56'),
(260, 'BF-56-LOA_AM_TRAN', 'Loa âm trần', 'Backfill', 'VN', 'B??? m??n', 'Thực hành bên ngoài', 'LAB_EQUIPMENT', 'LOA_AM_TRAN', NULL, NULL, NULL, 3, NULL, NULL, NULL, NULL, NULL, NULL, NULL, 56, 'IN_USE', 'AUTO_BACKFILL_ROOM_COUNT', '2026-05-12 14:31:56', '2026-05-12 14:31:56'),
(261, 'BF-56-MAY_LANH', 'Máy lạnh', 'Backfill', 'VN', 'B??? m??n', 'Thực hành bên ngoài', 'LAB_EQUIPMENT', 'MAY_LANH', NULL, NULL, NULL, 4, NULL, NULL, NULL, NULL, NULL, NULL, NULL, 56, 'IN_USE', 'AUTO_BACKFILL_ROOM_COUNT', '2026-05-12 14:31:56', '2026-05-12 14:31:56'),
(262, 'BF-56-MICROPHONE', 'Microphone', 'Backfill', 'VN', 'B??? m??n', 'Thực hành bên ngoài', 'LAB_EQUIPMENT', 'MICROPHONE', NULL, NULL, NULL, 2, NULL, NULL, NULL, NULL, NULL, NULL, NULL, 56, 'IN_USE', 'AUTO_BACKFILL_ROOM_COUNT', '2026-05-12 14:31:56', '2026-05-12 14:31:56'),
(263, 'BF-57-BAN_HOC', 'Bàn học', 'Backfill', 'VN', 'Quản trị kinh doanh', 'P01C3', 'FURNITURE', 'BAN_HOC', NULL, NULL, NULL, 15, NULL, NULL, NULL, NULL, NULL, NULL, NULL, 57, 'IN_USE', 'AUTO_BACKFILL_ROOM_COUNT', '2026-05-12 14:31:56', '2026-05-12 14:31:56'),
(264, 'BF-57-GHE_HOC', 'Ghế học', 'Backfill', 'VN', 'Quản trị kinh doanh', 'P01C3', 'FURNITURE', 'GHE_HOC', NULL, NULL, NULL, 30, NULL, NULL, NULL, NULL, NULL, NULL, NULL, 57, 'IN_USE', 'AUTO_BACKFILL_ROOM_COUNT', '2026-05-12 14:31:56', '2026-05-12 14:31:56'),
(265, 'BF-57-LOA_AM_TRAN', 'Loa âm trần', 'Backfill', 'VN', 'Quản trị kinh doanh', 'P01C3', 'LAB_EQUIPMENT', 'LOA_AM_TRAN', NULL, NULL, NULL, 2, NULL, NULL, NULL, NULL, NULL, NULL, NULL, 57, 'IN_USE', 'AUTO_BACKFILL_ROOM_COUNT', '2026-05-12 14:31:56', '2026-05-12 14:31:56'),
(266, 'BF-57-MAY_LANH', 'Máy lạnh', 'Backfill', 'VN', 'Quản trị kinh doanh', 'P01C3', 'LAB_EQUIPMENT', 'MAY_LANH', NULL, NULL, NULL, 2, NULL, NULL, NULL, NULL, NULL, NULL, NULL, 57, 'IN_USE', 'AUTO_BACKFILL_ROOM_COUNT', '2026-05-12 14:31:56', '2026-05-12 14:31:56'),
(267, 'BF-57-MICROPHONE', 'Microphone', 'Backfill', 'VN', 'Quản trị kinh doanh', 'P01C3', 'LAB_EQUIPMENT', 'MICROPHONE', NULL, NULL, NULL, 1, NULL, NULL, NULL, NULL, NULL, NULL, NULL, 57, 'IN_USE', 'AUTO_BACKFILL_ROOM_COUNT', '2026-05-12 14:31:56', '2026-05-12 14:31:56'),
(268, 'BF-58-BAN_HOC', 'Bàn học', 'Backfill', 'VN', 'Lý thuyết', 'P101C2', 'FURNITURE', 'BAN_HOC', NULL, NULL, NULL, 45, NULL, NULL, NULL, NULL, NULL, NULL, NULL, 58, 'IN_USE', 'AUTO_BACKFILL_ROOM_COUNT', '2026-05-12 14:31:56', '2026-05-12 14:31:56'),
(269, 'BF-58-GHE_HOC', 'Ghế học', 'Backfill', 'VN', 'Lý thuyết', 'P101C2', 'FURNITURE', 'GHE_HOC', NULL, NULL, NULL, 90, NULL, NULL, NULL, NULL, NULL, NULL, NULL, 58, 'IN_USE', 'AUTO_BACKFILL_ROOM_COUNT', '2026-05-12 14:31:56', '2026-05-12 14:31:56'),
(270, 'BF-58-LOA_AM_TRAN', 'Loa âm trần', 'Backfill', 'VN', 'Lý thuyết', 'P101C2', 'LAB_EQUIPMENT', 'LOA_AM_TRAN', NULL, NULL, NULL, 3, NULL, NULL, NULL, NULL, NULL, NULL, NULL, 58, 'IN_USE', 'AUTO_BACKFILL_ROOM_COUNT', '2026-05-12 14:31:56', '2026-05-12 14:31:56'),
(271, 'BF-58-MAY_LANH', 'Máy lạnh', 'Backfill', 'VN', 'Lý thuyết', 'P101C2', 'LAB_EQUIPMENT', 'MAY_LANH', NULL, NULL, NULL, 4, NULL, NULL, NULL, NULL, NULL, NULL, NULL, 58, 'IN_USE', 'AUTO_BACKFILL_ROOM_COUNT', '2026-05-12 14:31:56', '2026-05-12 14:31:56'),
(272, 'BF-58-MICROPHONE', 'Microphone', 'Backfill', 'VN', 'Lý thuyết', 'P101C2', 'LAB_EQUIPMENT', 'MICROPHONE', NULL, NULL, NULL, 2, NULL, NULL, NULL, NULL, NULL, NULL, NULL, 58, 'IN_USE', 'AUTO_BACKFILL_ROOM_COUNT', '2026-05-12 14:31:56', '2026-05-12 14:31:56'),
(273, 'BF-59-BAN_HOC', 'Bàn học', 'Backfill', 'VN', 'Phòng máy tính', 'P205E7', 'FURNITURE', 'BAN_HOC', NULL, NULL, NULL, 20, NULL, NULL, NULL, NULL, NULL, NULL, NULL, 59, 'IN_USE', 'AUTO_BACKFILL_ROOM_COUNT', '2026-05-12 14:31:56', '2026-05-12 14:31:56'),
(274, 'BF-59-GHE_HOC', 'Ghế học', 'Backfill', 'VN', 'Phòng máy tính', 'P205E7', 'FURNITURE', 'GHE_HOC', NULL, NULL, NULL, 40, NULL, NULL, NULL, NULL, NULL, NULL, NULL, 59, 'IN_USE', 'AUTO_BACKFILL_ROOM_COUNT', '2026-05-12 14:31:56', '2026-05-12 14:31:56'),
(275, 'BF-59-LOA_AM_TRAN', 'Loa âm trần', 'Backfill', 'VN', 'Phòng máy tính', 'P205E7', 'LAB_EQUIPMENT', 'LOA_AM_TRAN', NULL, NULL, NULL, 2, NULL, NULL, NULL, NULL, NULL, NULL, NULL, 59, 'IN_USE', 'AUTO_BACKFILL_ROOM_COUNT', '2026-05-12 14:31:56', '2026-05-12 14:31:56'),
(276, 'BF-59-MAY_LANH', 'Máy lạnh', 'Backfill', 'VN', 'Phòng máy tính', 'P205E7', 'LAB_EQUIPMENT', 'MAY_LANH', NULL, NULL, NULL, 2, NULL, NULL, NULL, NULL, NULL, NULL, NULL, 59, 'IN_USE', 'AUTO_BACKFILL_ROOM_COUNT', '2026-05-12 14:31:56', '2026-05-12 14:31:56'),
(277, 'BF-60-BAN_HOC', 'Bàn học', 'Backfill', 'VN', 'Lý thuyết', 'P402C2', 'FURNITURE', 'BAN_HOC', NULL, NULL, NULL, 45, NULL, NULL, NULL, NULL, NULL, NULL, NULL, 60, 'IN_USE', 'AUTO_BACKFILL_ROOM_COUNT', '2026-05-12 14:31:56', '2026-05-12 14:31:56'),
(278, 'BF-60-GHE_HOC', 'Ghế học', 'Backfill', 'VN', 'Lý thuyết', 'P402C2', 'FURNITURE', 'GHE_HOC', NULL, NULL, NULL, 90, NULL, NULL, NULL, NULL, NULL, NULL, NULL, 60, 'IN_USE', 'AUTO_BACKFILL_ROOM_COUNT', '2026-05-12 14:31:56', '2026-05-12 14:31:56'),
(279, 'BF-60-LOA_AM_TRAN', 'Loa âm trần', 'Backfill', 'VN', 'Lý thuyết', 'P402C2', 'LAB_EQUIPMENT', 'LOA_AM_TRAN', NULL, NULL, NULL, 3, NULL, NULL, NULL, NULL, NULL, NULL, NULL, 60, 'IN_USE', 'AUTO_BACKFILL_ROOM_COUNT', '2026-05-12 14:31:56', '2026-05-12 14:31:56'),
(280, 'BF-60-MAY_LANH', 'Máy lạnh', 'Backfill', 'VN', 'Lý thuyết', 'P402C2', 'LAB_EQUIPMENT', 'MAY_LANH', NULL, NULL, NULL, 4, NULL, NULL, NULL, NULL, NULL, NULL, NULL, 60, 'IN_USE', 'AUTO_BACKFILL_ROOM_COUNT', '2026-05-12 14:31:56', '2026-05-12 14:31:56'),
(281, 'BF-60-MICROPHONE', 'Microphone', 'Backfill', 'VN', 'Lý thuyết', 'P402C2', 'LAB_EQUIPMENT', 'MICROPHONE', NULL, NULL, NULL, 2, NULL, NULL, NULL, NULL, NULL, NULL, NULL, 60, 'IN_USE', 'AUTO_BACKFILL_ROOM_COUNT', '2026-05-12 14:31:56', '2026-05-12 14:31:56'),
(282, 'BF-61-BAN_HOC', 'Bàn học', 'Backfill', 'VN', 'Kỹ thuật ô tô', '3E9-2', 'FURNITURE', 'BAN_HOC', NULL, NULL, NULL, 10, NULL, NULL, NULL, NULL, NULL, NULL, NULL, 61, 'IN_USE', 'AUTO_BACKFILL_ROOM_COUNT', '2026-05-12 14:31:56', '2026-05-12 14:31:56'),
(283, 'BF-61-GHE_HOC', 'Ghế học', 'Backfill', 'VN', 'Kỹ thuật ô tô', '3E9-2', 'FURNITURE', 'GHE_HOC', NULL, NULL, NULL, 18, NULL, NULL, NULL, NULL, NULL, NULL, NULL, 61, 'IN_USE', 'AUTO_BACKFILL_ROOM_COUNT', '2026-05-12 14:31:56', '2026-05-12 14:31:56'),
(284, 'BF-61-LOA_AM_TRAN', 'Loa âm trần', 'Backfill', 'VN', 'Kỹ thuật ô tô', '3E9-2', 'LAB_EQUIPMENT', 'LOA_AM_TRAN', NULL, NULL, NULL, 2, NULL, NULL, NULL, NULL, NULL, NULL, NULL, 61, 'IN_USE', 'AUTO_BACKFILL_ROOM_COUNT', '2026-05-12 14:31:56', '2026-05-12 14:31:56'),
(285, 'BF-61-MAY_LANH', 'Máy lạnh', 'Backfill', 'VN', 'Kỹ thuật ô tô', '3E9-2', 'LAB_EQUIPMENT', 'MAY_LANH', NULL, NULL, NULL, 2, NULL, NULL, NULL, NULL, NULL, NULL, NULL, 61, 'IN_USE', 'AUTO_BACKFILL_ROOM_COUNT', '2026-05-12 14:31:56', '2026-05-12 14:31:56'),
(286, 'BF-61-MICROPHONE', 'Microphone', 'Backfill', 'VN', 'Kỹ thuật ô tô', '3E9-2', 'LAB_EQUIPMENT', 'MICROPHONE', NULL, NULL, NULL, 1, NULL, NULL, NULL, NULL, NULL, NULL, NULL, 61, 'IN_USE', 'AUTO_BACKFILL_ROOM_COUNT', '2026-05-12 14:31:56', '2026-05-12 14:31:56'),
(287, 'BF-62-BAN_HOC', 'Bàn học', 'Backfill', 'VN', 'Bộ môn', 'P1C3', 'FURNITURE', 'BAN_HOC', NULL, NULL, NULL, 15, NULL, NULL, NULL, NULL, NULL, NULL, NULL, 62, 'IN_USE', 'AUTO_BACKFILL_ROOM_COUNT', '2026-05-12 14:31:56', '2026-05-12 14:31:56'),
(288, 'BF-62-GHE_HOC', 'Ghế học', 'Backfill', 'VN', 'Bộ môn', 'P1C3', 'FURNITURE', 'GHE_HOC', NULL, NULL, NULL, 30, NULL, NULL, NULL, NULL, NULL, NULL, NULL, 62, 'IN_USE', 'AUTO_BACKFILL_ROOM_COUNT', '2026-05-12 14:31:56', '2026-05-12 14:31:56'),
(289, 'BF-62-LOA_AM_TRAN', 'Loa âm trần', 'Backfill', 'VN', 'Bộ môn', 'P1C3', 'LAB_EQUIPMENT', 'LOA_AM_TRAN', NULL, NULL, NULL, 2, NULL, NULL, NULL, NULL, NULL, NULL, NULL, 62, 'IN_USE', 'AUTO_BACKFILL_ROOM_COUNT', '2026-05-12 14:31:56', '2026-05-12 14:31:56'),
(290, 'BF-62-MAY_LANH', 'Máy lạnh', 'Backfill', 'VN', 'Bộ môn', 'P1C3', 'LAB_EQUIPMENT', 'MAY_LANH', NULL, NULL, NULL, 2, NULL, NULL, NULL, NULL, NULL, NULL, NULL, 62, 'IN_USE', 'AUTO_BACKFILL_ROOM_COUNT', '2026-05-12 14:31:56', '2026-05-12 14:31:56'),
(291, 'BF-62-MICROPHONE', 'Microphone', 'Backfill', 'VN', 'Bộ môn', 'P1C3', 'LAB_EQUIPMENT', 'MICROPHONE', NULL, NULL, NULL, 1, NULL, NULL, NULL, NULL, NULL, NULL, NULL, 62, 'IN_USE', 'AUTO_BACKFILL_ROOM_COUNT', '2026-05-12 14:31:56', '2026-05-12 14:31:56'),
(292, 'BF-63-BAN_HOC', 'Bàn học', 'Backfill', 'VN', 'K??? thu???t ?? t??', 'P3E9-2', 'FURNITURE', 'BAN_HOC', NULL, NULL, NULL, 10, NULL, NULL, NULL, NULL, NULL, NULL, NULL, 63, 'IN_USE', 'AUTO_BACKFILL_ROOM_COUNT', '2026-05-12 14:31:56', '2026-05-12 14:31:56'),
(293, 'BF-63-GHE_HOC', 'Ghế học', 'Backfill', 'VN', 'K??? thu???t ?? t??', 'P3E9-2', 'FURNITURE', 'GHE_HOC', NULL, NULL, NULL, 18, NULL, NULL, NULL, NULL, NULL, NULL, NULL, 63, 'IN_USE', 'AUTO_BACKFILL_ROOM_COUNT', '2026-05-12 14:31:56', '2026-05-12 14:31:56'),
(294, 'BF-63-LOA_AM_TRAN', 'Loa âm trần', 'Backfill', 'VN', 'K??? thu???t ?? t??', 'P3E9-2', 'LAB_EQUIPMENT', 'LOA_AM_TRAN', NULL, NULL, NULL, 2, NULL, NULL, NULL, NULL, NULL, NULL, NULL, 63, 'IN_USE', 'AUTO_BACKFILL_ROOM_COUNT', '2026-05-12 14:31:56', '2026-05-12 14:31:56'),
(295, 'BF-63-MAY_LANH', 'Máy lạnh', 'Backfill', 'VN', 'K??? thu???t ?? t??', 'P3E9-2', 'LAB_EQUIPMENT', 'MAY_LANH', NULL, NULL, NULL, 2, NULL, NULL, NULL, NULL, NULL, NULL, NULL, 63, 'IN_USE', 'AUTO_BACKFILL_ROOM_COUNT', '2026-05-12 14:31:56', '2026-05-12 14:31:56'),
(296, 'BF-63-MICROPHONE', 'Microphone', 'Backfill', 'VN', 'K??? thu???t ?? t??', 'P3E9-2', 'LAB_EQUIPMENT', 'MICROPHONE', NULL, NULL, NULL, 1, NULL, NULL, NULL, NULL, NULL, NULL, NULL, 63, 'IN_USE', 'AUTO_BACKFILL_ROOM_COUNT', '2026-05-12 14:31:56', '2026-05-12 14:31:56'),
(297, 'BF-64-BAN_HOC', 'Bàn học', 'Backfill', 'VN', 'Kỹ thuật ô tô', 'P2E9-2', 'FURNITURE', 'BAN_HOC', NULL, NULL, NULL, 10, NULL, NULL, NULL, NULL, NULL, NULL, NULL, 64, 'IN_USE', 'AUTO_BACKFILL_ROOM_COUNT', '2026-05-12 14:31:56', '2026-05-12 14:31:56'),
(298, 'BF-64-GHE_HOC', 'Ghế học', 'Backfill', 'VN', 'Kỹ thuật ô tô', 'P2E9-2', 'FURNITURE', 'GHE_HOC', NULL, NULL, NULL, 18, NULL, NULL, NULL, NULL, NULL, NULL, NULL, 64, 'IN_USE', 'AUTO_BACKFILL_ROOM_COUNT', '2026-05-12 14:31:56', '2026-05-12 14:31:56'),
(299, 'BF-64-LOA_AM_TRAN', 'Loa âm trần', 'Backfill', 'VN', 'Kỹ thuật ô tô', 'P2E9-2', 'LAB_EQUIPMENT', 'LOA_AM_TRAN', NULL, NULL, NULL, 2, NULL, NULL, NULL, NULL, NULL, NULL, NULL, 64, 'IN_USE', 'AUTO_BACKFILL_ROOM_COUNT', '2026-05-12 14:31:56', '2026-05-12 14:31:56'),
(300, 'BF-64-MAY_LANH', 'Máy lạnh', 'Backfill', 'VN', 'Kỹ thuật ô tô', 'P2E9-2', 'LAB_EQUIPMENT', 'MAY_LANH', NULL, NULL, NULL, 2, NULL, NULL, NULL, NULL, NULL, NULL, NULL, 64, 'IN_USE', 'AUTO_BACKFILL_ROOM_COUNT', '2026-05-12 14:31:56', '2026-05-12 14:31:56'),
(301, 'BF-64-MICROPHONE', 'Microphone', 'Backfill', 'VN', 'Kỹ thuật ô tô', 'P2E9-2', 'LAB_EQUIPMENT', 'MICROPHONE', NULL, NULL, NULL, 1, NULL, NULL, NULL, NULL, NULL, NULL, NULL, 64, 'IN_USE', 'AUTO_BACKFILL_ROOM_COUNT', '2026-05-12 14:31:56', '2026-05-12 14:31:56'),
(302, 'BF-65-BAN_HOC', 'Bàn học', 'Backfill', 'VN', 'C??ng ngh??? th??ng tin', 'Học bên ngoài', 'FURNITURE', 'BAN_HOC', NULL, NULL, NULL, 45, NULL, NULL, NULL, NULL, NULL, NULL, NULL, 65, 'IN_USE', 'AUTO_BACKFILL_ROOM_COUNT', '2026-05-12 14:31:56', '2026-05-12 14:31:56'),
(303, 'BF-65-GHE_HOC', 'Ghế học', 'Backfill', 'VN', 'C??ng ngh??? th??ng tin', 'Học bên ngoài', 'FURNITURE', 'GHE_HOC', NULL, NULL, NULL, 90, NULL, NULL, NULL, NULL, NULL, NULL, NULL, 65, 'IN_USE', 'AUTO_BACKFILL_ROOM_COUNT', '2026-05-12 14:31:56', '2026-05-12 14:31:56'),
(304, 'BF-65-LOA_AM_TRAN', 'Loa âm trần', 'Backfill', 'VN', 'C??ng ngh??? th??ng tin', 'Học bên ngoài', 'LAB_EQUIPMENT', 'LOA_AM_TRAN', NULL, NULL, NULL, 3, NULL, NULL, NULL, NULL, NULL, NULL, NULL, 65, 'IN_USE', 'AUTO_BACKFILL_ROOM_COUNT', '2026-05-12 14:31:56', '2026-05-12 14:31:56'),
(305, 'BF-65-MAY_LANH', 'Máy lạnh', 'Backfill', 'VN', 'C??ng ngh??? th??ng tin', 'Học bên ngoài', 'LAB_EQUIPMENT', 'MAY_LANH', NULL, NULL, NULL, 4, NULL, NULL, NULL, NULL, NULL, NULL, NULL, 65, 'IN_USE', 'AUTO_BACKFILL_ROOM_COUNT', '2026-05-12 14:31:56', '2026-05-12 14:31:56'),
(306, 'BF-65-MICROPHONE', 'Microphone', 'Backfill', 'VN', 'C??ng ngh??? th??ng tin', 'Học bên ngoài', 'LAB_EQUIPMENT', 'MICROPHONE', NULL, NULL, NULL, 2, NULL, NULL, NULL, NULL, NULL, NULL, NULL, 65, 'IN_USE', 'AUTO_BACKFILL_ROOM_COUNT', '2026-05-12 14:31:56', '2026-05-12 14:31:56'),
(311, 'BF-67-BAN_HOC', 'Bàn học', 'Backfill', 'VN', 'Thư viện', 'Thư viện', 'FURNITURE', 'BAN_HOC', NULL, NULL, NULL, 24, NULL, NULL, NULL, NULL, NULL, NULL, NULL, 67, 'IN_USE', 'AUTO_BACKFILL_ROOM_COUNT', '2026-05-12 14:31:56', '2026-05-12 14:31:56'),
(312, 'BF-67-GHE_HOC', 'Ghế học', 'Backfill', 'VN', 'Thư viện', 'Thư viện', 'FURNITURE', 'GHE_HOC', NULL, NULL, NULL, 48, NULL, NULL, NULL, NULL, NULL, NULL, NULL, 67, 'IN_USE', 'AUTO_BACKFILL_ROOM_COUNT', '2026-05-12 14:31:56', '2026-05-12 14:31:56'),
(313, 'BF-67-LOA_AM_TRAN', 'Loa âm trần', 'Backfill', 'VN', 'Thư viện', 'Thư viện', 'LAB_EQUIPMENT', 'LOA_AM_TRAN', NULL, NULL, NULL, 2, NULL, NULL, NULL, NULL, NULL, NULL, NULL, 67, 'IN_USE', 'AUTO_BACKFILL_ROOM_COUNT', '2026-05-12 14:31:56', '2026-05-12 14:31:56'),
(314, 'BF-67-MAY_LANH', 'Máy lạnh', 'Backfill', 'VN', 'Thư viện', 'Thư viện', 'LAB_EQUIPMENT', 'MAY_LANH', NULL, NULL, NULL, 3, NULL, NULL, NULL, NULL, NULL, NULL, NULL, 67, 'IN_USE', 'AUTO_BACKFILL_ROOM_COUNT', '2026-05-12 14:31:56', '2026-05-12 14:31:56'),
(315, 'BF-68-BAN_HOC', 'Bàn học', 'Backfill', 'VN', 'Kỹ thuật ô tô', 'P5E8B', 'FURNITURE', 'BAN_HOC', NULL, NULL, NULL, 10, NULL, NULL, NULL, NULL, NULL, NULL, NULL, 68, 'IN_USE', 'AUTO_BACKFILL_ROOM_COUNT', '2026-05-12 14:31:56', '2026-05-12 14:31:56'),
(316, 'BF-68-GHE_HOC', 'Ghế học', 'Backfill', 'VN', 'Kỹ thuật ô tô', 'P5E8B', 'FURNITURE', 'GHE_HOC', NULL, NULL, NULL, 18, NULL, NULL, NULL, NULL, NULL, NULL, NULL, 68, 'IN_USE', 'AUTO_BACKFILL_ROOM_COUNT', '2026-05-12 14:31:56', '2026-05-12 14:31:56'),
(317, 'BF-68-LOA_AM_TRAN', 'Loa âm trần', 'Backfill', 'VN', 'Kỹ thuật ô tô', 'P5E8B', 'LAB_EQUIPMENT', 'LOA_AM_TRAN', NULL, NULL, NULL, 2, NULL, NULL, NULL, NULL, NULL, NULL, NULL, 68, 'IN_USE', 'AUTO_BACKFILL_ROOM_COUNT', '2026-05-12 14:31:56', '2026-05-12 14:31:56'),
(318, 'BF-68-MAY_LANH', 'Máy lạnh', 'Backfill', 'VN', 'Kỹ thuật ô tô', 'P5E8B', 'LAB_EQUIPMENT', 'MAY_LANH', NULL, NULL, NULL, 2, NULL, NULL, NULL, NULL, NULL, NULL, NULL, 68, 'IN_USE', 'AUTO_BACKFILL_ROOM_COUNT', '2026-05-12 14:31:56', '2026-05-12 14:31:56'),
(319, 'BF-68-MICROPHONE', 'Microphone', 'Backfill', 'VN', 'Kỹ thuật ô tô', 'P5E8B', 'LAB_EQUIPMENT', 'MICROPHONE', NULL, NULL, NULL, 1, NULL, NULL, NULL, NULL, NULL, NULL, NULL, 68, 'IN_USE', 'AUTO_BACKFILL_ROOM_COUNT', '2026-05-12 14:31:56', '2026-05-12 14:31:56'),
(320, 'BF-69-BAN_HOC', 'Bàn học', 'Backfill', 'VN', 'Lý thuyết', 'P401C2', 'FURNITURE', 'BAN_HOC', NULL, NULL, NULL, 45, NULL, NULL, NULL, NULL, NULL, NULL, NULL, 69, 'IN_USE', 'AUTO_BACKFILL_ROOM_COUNT', '2026-05-12 14:31:56', '2026-05-12 14:31:56'),
(321, 'BF-69-GHE_HOC', 'Ghế học', 'Backfill', 'VN', 'Lý thuyết', 'P401C2', 'FURNITURE', 'GHE_HOC', NULL, NULL, NULL, 90, NULL, NULL, NULL, NULL, NULL, NULL, NULL, 69, 'IN_USE', 'AUTO_BACKFILL_ROOM_COUNT', '2026-05-12 14:31:56', '2026-05-12 14:31:56'),
(322, 'BF-69-LOA_AM_TRAN', 'Loa âm trần', 'Backfill', 'VN', 'Lý thuyết', 'P401C2', 'LAB_EQUIPMENT', 'LOA_AM_TRAN', NULL, NULL, NULL, 3, NULL, NULL, NULL, NULL, NULL, NULL, NULL, 69, 'IN_USE', 'AUTO_BACKFILL_ROOM_COUNT', '2026-05-12 14:31:56', '2026-05-12 14:31:56'),
(323, 'BF-69-MAY_LANH', 'Máy lạnh', 'Backfill', 'VN', 'Lý thuyết', 'P401C2', 'LAB_EQUIPMENT', 'MAY_LANH', NULL, NULL, NULL, 4, NULL, NULL, NULL, NULL, NULL, NULL, NULL, 69, 'IN_USE', 'AUTO_BACKFILL_ROOM_COUNT', '2026-05-12 14:31:56', '2026-05-12 14:31:56'),
(324, 'BF-69-MICROPHONE', 'Microphone', 'Backfill', 'VN', 'Lý thuyết', 'P401C2', 'LAB_EQUIPMENT', 'MICROPHONE', NULL, NULL, NULL, 2, NULL, NULL, NULL, NULL, NULL, NULL, NULL, 69, 'IN_USE', 'AUTO_BACKFILL_ROOM_COUNT', '2026-05-12 14:31:56', '2026-05-12 14:31:56'),
(325, 'BF-70-BAN_HOC', 'Bàn học', 'Backfill', 'VN', 'Lý thuyết', 'P403C2', 'FURNITURE', 'BAN_HOC', NULL, NULL, NULL, 45, NULL, NULL, NULL, NULL, NULL, NULL, NULL, 70, 'IN_USE', 'AUTO_BACKFILL_ROOM_COUNT', '2026-05-12 14:31:56', '2026-05-12 14:31:56'),
(326, 'BF-70-GHE_HOC', 'Ghế học', 'Backfill', 'VN', 'Lý thuyết', 'P403C2', 'FURNITURE', 'GHE_HOC', NULL, NULL, NULL, 90, NULL, NULL, NULL, NULL, NULL, NULL, NULL, 70, 'IN_USE', 'AUTO_BACKFILL_ROOM_COUNT', '2026-05-12 14:31:56', '2026-05-12 14:31:56'),
(327, 'BF-70-LOA_AM_TRAN', 'Loa âm trần', 'Backfill', 'VN', 'Lý thuyết', 'P403C2', 'LAB_EQUIPMENT', 'LOA_AM_TRAN', NULL, NULL, NULL, 3, NULL, NULL, NULL, NULL, NULL, NULL, NULL, 70, 'IN_USE', 'AUTO_BACKFILL_ROOM_COUNT', '2026-05-12 14:31:56', '2026-05-12 14:31:56'),
(328, 'BF-70-MAY_LANH', 'Máy lạnh', 'Backfill', 'VN', 'Lý thuyết', 'P403C2', 'LAB_EQUIPMENT', 'MAY_LANH', NULL, NULL, NULL, 4, NULL, NULL, NULL, NULL, NULL, NULL, NULL, 70, 'IN_USE', 'AUTO_BACKFILL_ROOM_COUNT', '2026-05-12 14:31:56', '2026-05-12 14:31:56'),
(329, 'BF-70-MICROPHONE', 'Microphone', 'Backfill', 'VN', 'Lý thuyết', 'P403C2', 'LAB_EQUIPMENT', 'MICROPHONE', NULL, NULL, NULL, 2, NULL, NULL, NULL, NULL, NULL, NULL, NULL, 70, 'IN_USE', 'AUTO_BACKFILL_ROOM_COUNT', '2026-05-12 14:31:56', '2026-05-12 14:31:56'),
(330, 'BF-71-BAN_HOC', 'Bàn học', 'Backfill', 'VN', 'Lý thuyết', 'P402C2_1', 'FURNITURE', 'BAN_HOC', NULL, NULL, NULL, 45, NULL, NULL, NULL, NULL, NULL, NULL, NULL, 71, 'IN_USE', 'AUTO_BACKFILL_ROOM_COUNT', '2026-05-12 14:31:56', '2026-05-12 14:31:56'),
(331, 'BF-71-GHE_HOC', 'Ghế học', 'Backfill', 'VN', 'Lý thuyết', 'P402C2_1', 'FURNITURE', 'GHE_HOC', NULL, NULL, NULL, 90, NULL, NULL, NULL, NULL, NULL, NULL, NULL, 71, 'IN_USE', 'AUTO_BACKFILL_ROOM_COUNT', '2026-05-12 14:31:56', '2026-05-12 14:31:56'),
(332, 'BF-71-LOA_AM_TRAN', 'Loa âm trần', 'Backfill', 'VN', 'Lý thuyết', 'P402C2_1', 'LAB_EQUIPMENT', 'LOA_AM_TRAN', NULL, NULL, NULL, 3, NULL, NULL, NULL, NULL, NULL, NULL, NULL, 71, 'IN_USE', 'AUTO_BACKFILL_ROOM_COUNT', '2026-05-12 14:31:56', '2026-05-12 14:31:56'),
(333, 'BF-71-MAY_LANH', 'Máy lạnh', 'Backfill', 'VN', 'Lý thuyết', 'P402C2_1', 'LAB_EQUIPMENT', 'MAY_LANH', NULL, NULL, NULL, 4, NULL, NULL, NULL, NULL, NULL, NULL, NULL, 71, 'IN_USE', 'AUTO_BACKFILL_ROOM_COUNT', '2026-05-12 14:31:56', '2026-05-12 14:31:56'),
(334, 'BF-71-MICROPHONE', 'Microphone', 'Backfill', 'VN', 'Lý thuyết', 'P402C2_1', 'LAB_EQUIPMENT', 'MICROPHONE', NULL, NULL, NULL, 2, NULL, NULL, NULL, NULL, NULL, NULL, NULL, 71, 'IN_USE', 'AUTO_BACKFILL_ROOM_COUNT', '2026-05-12 14:31:56', '2026-05-12 14:31:56'),
(335, 'BF-72-BAN_HOC', 'Bàn học', 'Backfill', 'VN', 'Giảng đường đa năng', '503DN', 'FURNITURE', 'BAN_HOC', NULL, NULL, NULL, 25, NULL, NULL, NULL, NULL, NULL, NULL, NULL, 72, 'IN_USE', 'AUTO_BACKFILL_ROOM_COUNT', '2026-05-12 14:31:56', '2026-05-12 14:31:56'),
(336, 'BF-72-GHE_HOC', 'Ghế học', 'Backfill', 'VN', 'Giảng đường đa năng', '503DN', 'FURNITURE', 'GHE_HOC', NULL, NULL, NULL, 50, NULL, NULL, NULL, NULL, NULL, NULL, NULL, 72, 'IN_USE', 'AUTO_BACKFILL_ROOM_COUNT', '2026-05-12 14:31:56', '2026-05-12 14:31:56'),
(337, 'BF-72-LOA_AM_TRAN', 'Loa âm trần', 'Backfill', 'VN', 'Giảng đường đa năng', '503DN', 'LAB_EQUIPMENT', 'LOA_AM_TRAN', NULL, NULL, NULL, 2, NULL, NULL, NULL, NULL, NULL, NULL, NULL, 72, 'IN_USE', 'AUTO_BACKFILL_ROOM_COUNT', '2026-05-12 14:31:56', '2026-05-12 14:31:56'),
(338, 'BF-72-MAY_LANH', 'Máy lạnh', 'Backfill', 'VN', 'Giảng đường đa năng', '503DN', 'LAB_EQUIPMENT', 'MAY_LANH', NULL, NULL, NULL, 2, NULL, NULL, NULL, NULL, NULL, NULL, NULL, 72, 'IN_USE', 'AUTO_BACKFILL_ROOM_COUNT', '2026-05-12 14:31:56', '2026-05-12 14:31:56'),
(339, 'BF-72-MICROPHONE', 'Microphone', 'Backfill', 'VN', 'Giảng đường đa năng', '503DN', 'LAB_EQUIPMENT', 'MICROPHONE', NULL, NULL, NULL, 1, NULL, NULL, NULL, NULL, NULL, NULL, NULL, 72, 'IN_USE', 'AUTO_BACKFILL_ROOM_COUNT', '2026-05-12 14:31:56', '2026-05-12 14:31:56'),
(340, 'BF-73-BAN_HOC', 'Bàn học', 'Backfill', 'VN', 'Kỹ thuật ô tô', '2E9-1', 'FURNITURE', 'BAN_HOC', NULL, NULL, NULL, 10, NULL, NULL, NULL, NULL, NULL, NULL, NULL, 73, 'IN_USE', 'AUTO_BACKFILL_ROOM_COUNT', '2026-05-12 14:31:56', '2026-05-12 14:31:56'),
(341, 'BF-73-GHE_HOC', 'Ghế học', 'Backfill', 'VN', 'Kỹ thuật ô tô', '2E9-1', 'FURNITURE', 'GHE_HOC', NULL, NULL, NULL, 18, NULL, NULL, NULL, NULL, NULL, NULL, NULL, 73, 'IN_USE', 'AUTO_BACKFILL_ROOM_COUNT', '2026-05-12 14:31:56', '2026-05-12 14:31:56'),
(342, 'BF-73-LOA_AM_TRAN', 'Loa âm trần', 'Backfill', 'VN', 'Kỹ thuật ô tô', '2E9-1', 'LAB_EQUIPMENT', 'LOA_AM_TRAN', NULL, NULL, NULL, 2, NULL, NULL, NULL, NULL, NULL, NULL, NULL, 73, 'IN_USE', 'AUTO_BACKFILL_ROOM_COUNT', '2026-05-12 14:31:56', '2026-05-12 14:31:56'),
(343, 'BF-73-MAY_LANH', 'Máy lạnh', 'Backfill', 'VN', 'Kỹ thuật ô tô', '2E9-1', 'LAB_EQUIPMENT', 'MAY_LANH', NULL, NULL, NULL, 2, NULL, NULL, NULL, NULL, NULL, NULL, NULL, 73, 'IN_USE', 'AUTO_BACKFILL_ROOM_COUNT', '2026-05-12 14:31:56', '2026-05-12 14:31:56'),
(344, 'BF-73-MICROPHONE', 'Microphone', 'Backfill', 'VN', 'Kỹ thuật ô tô', '2E9-1', 'LAB_EQUIPMENT', 'MICROPHONE', NULL, NULL, NULL, 1, NULL, NULL, NULL, NULL, NULL, NULL, NULL, 73, 'IN_USE', 'AUTO_BACKFILL_ROOM_COUNT', '2026-05-12 14:31:56', '2026-05-12 14:31:56'),
(345, 'BF-74-BAN_HOC', 'Bàn học', 'Backfill', 'VN', 'Kỹ thuật ô tô', '101E1', 'FURNITURE', 'BAN_HOC', NULL, NULL, NULL, 10, NULL, NULL, NULL, NULL, NULL, NULL, NULL, 74, 'IN_USE', 'AUTO_BACKFILL_ROOM_COUNT', '2026-05-12 14:31:56', '2026-05-12 14:31:56'),
(346, 'BF-74-GHE_HOC', 'Ghế học', 'Backfill', 'VN', 'Kỹ thuật ô tô', '101E1', 'FURNITURE', 'GHE_HOC', NULL, NULL, NULL, 18, NULL, NULL, NULL, NULL, NULL, NULL, NULL, 74, 'IN_USE', 'AUTO_BACKFILL_ROOM_COUNT', '2026-05-12 14:31:56', '2026-05-12 14:31:56'),
(347, 'BF-74-LOA_AM_TRAN', 'Loa âm trần', 'Backfill', 'VN', 'Kỹ thuật ô tô', '101E1', 'LAB_EQUIPMENT', 'LOA_AM_TRAN', NULL, NULL, NULL, 2, NULL, NULL, NULL, NULL, NULL, NULL, NULL, 74, 'IN_USE', 'AUTO_BACKFILL_ROOM_COUNT', '2026-05-12 14:31:56', '2026-05-12 14:31:56'),
(348, 'BF-74-MAY_LANH', 'Máy lạnh', 'Backfill', 'VN', 'Kỹ thuật ô tô', '101E1', 'LAB_EQUIPMENT', 'MAY_LANH', NULL, NULL, NULL, 2, NULL, NULL, NULL, NULL, NULL, NULL, NULL, 74, 'IN_USE', 'AUTO_BACKFILL_ROOM_COUNT', '2026-05-12 14:31:56', '2026-05-12 14:31:56'),
(349, 'BF-74-MICROPHONE', 'Microphone', 'Backfill', 'VN', 'Kỹ thuật ô tô', '101E1', 'LAB_EQUIPMENT', 'MICROPHONE', NULL, NULL, NULL, 1, NULL, NULL, NULL, NULL, NULL, NULL, NULL, 74, 'IN_USE', 'AUTO_BACKFILL_ROOM_COUNT', '2026-05-12 14:31:56', '2026-05-12 14:31:56'),
(350, 'BF-75-BAN_HOC', 'Bàn học', 'Backfill', 'VN', 'Kỹ thuật ô tô', '101E6', 'FURNITURE', 'BAN_HOC', NULL, NULL, NULL, 45, NULL, NULL, NULL, NULL, NULL, NULL, NULL, 75, 'IN_USE', 'AUTO_BACKFILL_ROOM_COUNT', '2026-05-12 14:31:56', '2026-05-12 14:31:56'),
(351, 'BF-75-GHE_HOC', 'Ghế học', 'Backfill', 'VN', 'Kỹ thuật ô tô', '101E6', 'FURNITURE', 'GHE_HOC', NULL, NULL, NULL, 90, NULL, NULL, NULL, NULL, NULL, NULL, NULL, 75, 'IN_USE', 'AUTO_BACKFILL_ROOM_COUNT', '2026-05-12 14:31:56', '2026-05-12 14:31:56'),
(352, 'BF-75-LOA_AM_TRAN', 'Loa âm trần', 'Backfill', 'VN', 'Kỹ thuật ô tô', '101E6', 'LAB_EQUIPMENT', 'LOA_AM_TRAN', NULL, NULL, NULL, 3, NULL, NULL, NULL, NULL, NULL, NULL, NULL, 75, 'IN_USE', 'AUTO_BACKFILL_ROOM_COUNT', '2026-05-12 14:31:56', '2026-05-12 14:31:56'),
(353, 'BF-75-MAY_LANH', 'Máy lạnh', 'Backfill', 'VN', 'Kỹ thuật ô tô', '101E6', 'LAB_EQUIPMENT', 'MAY_LANH', NULL, NULL, NULL, 4, NULL, NULL, NULL, NULL, NULL, NULL, NULL, 75, 'IN_USE', 'AUTO_BACKFILL_ROOM_COUNT', '2026-05-12 14:31:56', '2026-05-12 14:31:56'),
(354, 'BF-75-MICROPHONE', 'Microphone', 'Backfill', 'VN', 'Kỹ thuật ô tô', '101E6', 'LAB_EQUIPMENT', 'MICROPHONE', NULL, NULL, NULL, 2, NULL, NULL, NULL, NULL, NULL, NULL, NULL, 75, 'IN_USE', 'AUTO_BACKFILL_ROOM_COUNT', '2026-05-12 14:31:56', '2026-05-12 14:31:56'),
(355, 'BF-76-BAN_HOC', 'Bàn học', 'Backfill', 'VN', 'Giảng đường đa năng', '302DN', 'FURNITURE', 'BAN_HOC', NULL, NULL, NULL, 25, NULL, NULL, NULL, NULL, NULL, NULL, NULL, 76, 'IN_USE', 'AUTO_BACKFILL_ROOM_COUNT', '2026-05-12 14:31:56', '2026-05-12 14:31:56'),
(356, 'BF-76-GHE_HOC', 'Ghế học', 'Backfill', 'VN', 'Giảng đường đa năng', '302DN', 'FURNITURE', 'GHE_HOC', NULL, NULL, NULL, 50, NULL, NULL, NULL, NULL, NULL, NULL, NULL, 76, 'IN_USE', 'AUTO_BACKFILL_ROOM_COUNT', '2026-05-12 14:31:56', '2026-05-12 14:31:56'),
(357, 'BF-76-LOA_AM_TRAN', 'Loa âm trần', 'Backfill', 'VN', 'Giảng đường đa năng', '302DN', 'LAB_EQUIPMENT', 'LOA_AM_TRAN', NULL, NULL, NULL, 2, NULL, NULL, NULL, NULL, NULL, NULL, NULL, 76, 'IN_USE', 'AUTO_BACKFILL_ROOM_COUNT', '2026-05-12 14:31:56', '2026-05-12 14:31:56'),
(358, 'BF-76-MAY_LANH', 'Máy lạnh', 'Backfill', 'VN', 'Giảng đường đa năng', '302DN', 'LAB_EQUIPMENT', 'MAY_LANH', NULL, NULL, NULL, 2, NULL, NULL, NULL, NULL, NULL, NULL, NULL, 76, 'IN_USE', 'AUTO_BACKFILL_ROOM_COUNT', '2026-05-12 14:31:56', '2026-05-12 14:31:56'),
(359, 'BF-76-MICROPHONE', 'Microphone', 'Backfill', 'VN', 'Giảng đường đa năng', '302DN', 'LAB_EQUIPMENT', 'MICROPHONE', NULL, NULL, NULL, 1, NULL, NULL, NULL, NULL, NULL, NULL, NULL, 76, 'IN_USE', 'AUTO_BACKFILL_ROOM_COUNT', '2026-05-12 14:31:56', '2026-05-12 14:31:56'),
(360, 'BF-77-BAN_HOC', 'Bàn học', 'Backfill', 'VN', 'Giảng đường đa năng', '303DN', 'FURNITURE', 'BAN_HOC', NULL, NULL, NULL, 25, NULL, NULL, NULL, NULL, NULL, NULL, NULL, 77, 'IN_USE', 'AUTO_BACKFILL_ROOM_COUNT', '2026-05-12 14:31:56', '2026-05-12 14:31:56'),
(361, 'BF-77-GHE_HOC', 'Ghế học', 'Backfill', 'VN', 'Giảng đường đa năng', '303DN', 'FURNITURE', 'GHE_HOC', NULL, NULL, NULL, 50, NULL, NULL, NULL, NULL, NULL, NULL, NULL, 77, 'IN_USE', 'AUTO_BACKFILL_ROOM_COUNT', '2026-05-12 14:31:56', '2026-05-12 14:31:56'),
(362, 'BF-77-LOA_AM_TRAN', 'Loa âm trần', 'Backfill', 'VN', 'Giảng đường đa năng', '303DN', 'LAB_EQUIPMENT', 'LOA_AM_TRAN', NULL, NULL, NULL, 2, NULL, NULL, NULL, NULL, NULL, NULL, NULL, 77, 'IN_USE', 'AUTO_BACKFILL_ROOM_COUNT', '2026-05-12 14:31:56', '2026-05-12 14:31:56'),
(363, 'BF-77-MAY_LANH', 'Máy lạnh', 'Backfill', 'VN', 'Giảng đường đa năng', '303DN', 'LAB_EQUIPMENT', 'MAY_LANH', NULL, NULL, NULL, 2, NULL, NULL, NULL, NULL, NULL, NULL, NULL, 77, 'IN_USE', 'AUTO_BACKFILL_ROOM_COUNT', '2026-05-12 14:31:56', '2026-05-12 14:31:56'),
(364, 'BF-77-MICROPHONE', 'Microphone', 'Backfill', 'VN', 'Giảng đường đa năng', '303DN', 'LAB_EQUIPMENT', 'MICROPHONE', NULL, NULL, NULL, 1, NULL, NULL, NULL, NULL, NULL, NULL, NULL, 77, 'IN_USE', 'AUTO_BACKFILL_ROOM_COUNT', '2026-05-12 14:31:56', '2026-05-12 14:31:56'),
(365, 'BF-78-BAN_HOC', 'Bàn học', 'Backfill', 'VN', 'Cơ khí động lực', 'P502C2', 'FURNITURE', 'BAN_HOC', NULL, NULL, NULL, 26, NULL, NULL, NULL, NULL, NULL, NULL, NULL, 78, 'IN_USE', 'AUTO_BACKFILL_ROOM_COUNT', '2026-05-12 14:31:56', '2026-05-12 14:31:56'),
(366, 'BF-78-GHE_HOC', 'Ghế học', 'Backfill', 'VN', 'Cơ khí động lực', 'P502C2', 'FURNITURE', 'GHE_HOC', NULL, NULL, NULL, 53, NULL, NULL, NULL, NULL, NULL, NULL, NULL, 78, 'IN_USE', 'AUTO_BACKFILL_ROOM_COUNT', '2026-05-12 14:31:56', '2026-05-12 14:31:56'),
(367, 'BF-78-LOA_AM_TRAN', 'Loa âm trần', 'Backfill', 'VN', 'Cơ khí động lực', 'P502C2', 'LAB_EQUIPMENT', 'LOA_AM_TRAN', NULL, NULL, NULL, 3, NULL, NULL, NULL, NULL, NULL, NULL, NULL, 78, 'IN_USE', 'AUTO_BACKFILL_ROOM_COUNT', '2026-05-12 14:31:56', '2026-05-12 14:31:56'),
(368, 'BF-78-MAY_LANH', 'Máy lạnh', 'Backfill', 'VN', 'Cơ khí động lực', 'P502C2', 'LAB_EQUIPMENT', 'MAY_LANH', NULL, NULL, NULL, 4, NULL, NULL, NULL, NULL, NULL, NULL, NULL, 78, 'IN_USE', 'AUTO_BACKFILL_ROOM_COUNT', '2026-05-12 14:31:56', '2026-05-12 14:31:56'),
(369, 'BF-78-MICROPHONE', 'Microphone', 'Backfill', 'VN', 'Cơ khí động lực', 'P502C2', 'LAB_EQUIPMENT', 'MICROPHONE', NULL, NULL, NULL, 2, NULL, NULL, NULL, NULL, NULL, NULL, NULL, 78, 'IN_USE', 'AUTO_BACKFILL_ROOM_COUNT', '2026-05-12 14:31:56', '2026-05-12 14:31:56'),
(370, 'BF-79-BAN_HOC', 'Bàn học', 'Backfill', 'VN', 'Công nghệ thông tin', 'P1E5', 'FURNITURE', 'BAN_HOC', NULL, NULL, NULL, 16, NULL, NULL, NULL, NULL, NULL, NULL, NULL, 79, 'IN_USE', 'AUTO_BACKFILL_ROOM_COUNT', '2026-05-12 14:31:56', '2026-05-12 14:31:56'),
(371, 'BF-79-GHE_HOC', 'Ghế học', 'Backfill', 'VN', 'Công nghệ thông tin', 'P1E5', 'FURNITURE', 'GHE_HOC', NULL, NULL, NULL, 32, NULL, NULL, NULL, NULL, NULL, NULL, NULL, 79, 'IN_USE', 'AUTO_BACKFILL_ROOM_COUNT', '2026-05-12 14:31:56', '2026-05-12 14:31:56'),
(372, 'BF-79-LOA_AM_TRAN', 'Loa âm trần', 'Backfill', 'VN', 'Công nghệ thông tin', 'P1E5', 'LAB_EQUIPMENT', 'LOA_AM_TRAN', NULL, NULL, NULL, 3, NULL, NULL, NULL, NULL, NULL, NULL, NULL, 79, 'IN_USE', 'AUTO_BACKFILL_ROOM_COUNT', '2026-05-12 14:31:56', '2026-05-12 14:31:56'),
(373, 'BF-79-MAY_LANH', 'Máy lạnh', 'Backfill', 'VN', 'Công nghệ thông tin', 'P1E5', 'LAB_EQUIPMENT', 'MAY_LANH', NULL, NULL, NULL, 4, NULL, NULL, NULL, NULL, NULL, NULL, NULL, 79, 'IN_USE', 'AUTO_BACKFILL_ROOM_COUNT', '2026-05-12 14:31:56', '2026-05-12 14:31:56'),
(374, 'BF-79-MICROPHONE', 'Microphone', 'Backfill', 'VN', 'Công nghệ thông tin', 'P1E5', 'LAB_EQUIPMENT', 'MICROPHONE', NULL, NULL, NULL, 2, NULL, NULL, NULL, NULL, NULL, NULL, NULL, 79, 'IN_USE', 'AUTO_BACKFILL_ROOM_COUNT', '2026-05-12 14:31:56', '2026-05-12 14:31:56'),
(375, 'BF-80-BAN_HOC', 'Bàn học', 'Backfill', 'VN', 'Bộ môn Công nghệ Thông tin', 'Bộ môn Công nghệ Thông tin', 'FURNITURE', 'BAN_HOC', NULL, NULL, NULL, 15, NULL, NULL, NULL, NULL, NULL, NULL, NULL, 80, 'IN_USE', 'AUTO_BACKFILL_ROOM_COUNT', '2026-05-12 14:31:56', '2026-05-12 14:31:56'),
(376, 'BF-80-GHE_HOC', 'Ghế học', 'Backfill', 'VN', 'Bộ môn Công nghệ Thông tin', 'Bộ môn Công nghệ Thông tin', 'FURNITURE', 'GHE_HOC', NULL, NULL, NULL, 30, NULL, NULL, NULL, NULL, NULL, NULL, NULL, 80, 'IN_USE', 'AUTO_BACKFILL_ROOM_COUNT', '2026-05-12 14:31:56', '2026-05-12 14:31:56'),
(377, 'BF-80-LOA_AM_TRAN', 'Loa âm trần', 'Backfill', 'VN', 'Bộ môn Công nghệ Thông tin', 'Bộ môn Công nghệ Thông tin', 'LAB_EQUIPMENT', 'LOA_AM_TRAN', NULL, NULL, NULL, 2, NULL, NULL, NULL, NULL, NULL, NULL, NULL, 80, 'IN_USE', 'AUTO_BACKFILL_ROOM_COUNT', '2026-05-12 14:31:56', '2026-05-12 14:31:56'),
(378, 'BF-80-MAY_LANH', 'Máy lạnh', 'Backfill', 'VN', 'Bộ môn Công nghệ Thông tin', 'Bộ môn Công nghệ Thông tin', 'LAB_EQUIPMENT', 'MAY_LANH', NULL, NULL, NULL, 2, NULL, NULL, NULL, NULL, NULL, NULL, NULL, 80, 'IN_USE', 'AUTO_BACKFILL_ROOM_COUNT', '2026-05-12 14:31:56', '2026-05-12 14:31:56'),
(379, 'BF-80-MICROPHONE', 'Microphone', 'Backfill', 'VN', 'Bộ môn Công nghệ Thông tin', 'Bộ môn Công nghệ Thông tin', 'LAB_EQUIPMENT', 'MICROPHONE', NULL, NULL, NULL, 1, NULL, NULL, NULL, NULL, NULL, NULL, NULL, 80, 'IN_USE', 'AUTO_BACKFILL_ROOM_COUNT', '2026-05-12 14:31:56', '2026-05-12 14:31:56'),
(380, 'BF-81-BAN_HOC', 'Bàn học', 'Backfill', 'VN', 'Bộ môn Điện – Điện tử', 'Bộ môn Điện – Điện tử', 'FURNITURE', 'BAN_HOC', NULL, NULL, NULL, 15, NULL, NULL, NULL, NULL, NULL, NULL, NULL, 81, 'IN_USE', 'AUTO_BACKFILL_ROOM_COUNT', '2026-05-12 14:31:56', '2026-05-12 14:31:56'),
(381, 'BF-81-GHE_HOC', 'Ghế học', 'Backfill', 'VN', 'Bộ môn Điện – Điện tử', 'Bộ môn Điện – Điện tử', 'FURNITURE', 'GHE_HOC', NULL, NULL, NULL, 30, NULL, NULL, NULL, NULL, NULL, NULL, NULL, 81, 'IN_USE', 'AUTO_BACKFILL_ROOM_COUNT', '2026-05-12 14:31:56', '2026-05-12 14:31:56'),
(382, 'BF-81-LOA_AM_TRAN', 'Loa âm trần', 'Backfill', 'VN', 'Bộ môn Điện – Điện tử', 'Bộ môn Điện – Điện tử', 'LAB_EQUIPMENT', 'LOA_AM_TRAN', NULL, NULL, NULL, 2, NULL, NULL, NULL, NULL, NULL, NULL, NULL, 81, 'IN_USE', 'AUTO_BACKFILL_ROOM_COUNT', '2026-05-12 14:31:56', '2026-05-12 14:31:56'),
(383, 'BF-81-MAY_LANH', 'Máy lạnh', 'Backfill', 'VN', 'Bộ môn Điện – Điện tử', 'Bộ môn Điện – Điện tử', 'LAB_EQUIPMENT', 'MAY_LANH', NULL, NULL, NULL, 2, NULL, NULL, NULL, NULL, NULL, NULL, NULL, 81, 'IN_USE', 'AUTO_BACKFILL_ROOM_COUNT', '2026-05-12 14:31:56', '2026-05-12 14:31:56'),
(384, 'BF-81-MICROPHONE', 'Microphone', 'Backfill', 'VN', 'Bộ môn Điện – Điện tử', 'Bộ môn Điện – Điện tử', 'LAB_EQUIPMENT', 'MICROPHONE', NULL, NULL, NULL, 1, NULL, NULL, NULL, NULL, NULL, NULL, NULL, 81, 'IN_USE', 'AUTO_BACKFILL_ROOM_COUNT', '2026-05-12 14:31:56', '2026-05-12 14:31:56'),
(385, 'BF-82-BAN_HOC', 'Bàn học', 'Backfill', 'VN', 'Bộ môn Cơ khí', 'Bộ môn Cơ khí', 'FURNITURE', 'BAN_HOC', NULL, NULL, NULL, 15, NULL, NULL, NULL, NULL, NULL, NULL, NULL, 82, 'IN_USE', 'AUTO_BACKFILL_ROOM_COUNT', '2026-05-12 14:31:56', '2026-05-12 14:31:56'),
(386, 'BF-82-GHE_HOC', 'Ghế học', 'Backfill', 'VN', 'Bộ môn Cơ khí', 'Bộ môn Cơ khí', 'FURNITURE', 'GHE_HOC', NULL, NULL, NULL, 30, NULL, NULL, NULL, NULL, NULL, NULL, NULL, 82, 'IN_USE', 'AUTO_BACKFILL_ROOM_COUNT', '2026-05-12 14:31:56', '2026-05-12 14:31:56'),
(387, 'BF-82-LOA_AM_TRAN', 'Loa âm trần', 'Backfill', 'VN', 'Bộ môn Cơ khí', 'Bộ môn Cơ khí', 'LAB_EQUIPMENT', 'LOA_AM_TRAN', NULL, NULL, NULL, 2, NULL, NULL, NULL, NULL, NULL, NULL, NULL, 82, 'IN_USE', 'AUTO_BACKFILL_ROOM_COUNT', '2026-05-12 14:31:56', '2026-05-12 14:31:56'),
(388, 'BF-82-MAY_LANH', 'Máy lạnh', 'Backfill', 'VN', 'Bộ môn Cơ khí', 'Bộ môn Cơ khí', 'LAB_EQUIPMENT', 'MAY_LANH', NULL, NULL, NULL, 2, NULL, NULL, NULL, NULL, NULL, NULL, NULL, 82, 'IN_USE', 'AUTO_BACKFILL_ROOM_COUNT', '2026-05-12 14:31:56', '2026-05-12 14:31:56'),
(389, 'BF-82-MICROPHONE', 'Microphone', 'Backfill', 'VN', 'Bộ môn Cơ khí', 'Bộ môn Cơ khí', 'LAB_EQUIPMENT', 'MICROPHONE', NULL, NULL, NULL, 1, NULL, NULL, NULL, NULL, NULL, NULL, NULL, 82, 'IN_USE', 'AUTO_BACKFILL_ROOM_COUNT', '2026-05-12 14:31:56', '2026-05-12 14:31:56'),
(390, 'BF-83-BAN_HOC', 'Bàn học', 'Backfill', 'VN', 'Phòng khảo thí', 'Phòng khảo thí', 'FURNITURE', 'BAN_HOC', NULL, NULL, NULL, 10, NULL, NULL, NULL, NULL, NULL, NULL, NULL, 83, 'IN_USE', 'AUTO_BACKFILL_ROOM_COUNT', '2026-05-12 14:31:56', '2026-05-12 14:31:56'),
(391, 'BF-83-GHE_HOC', 'Ghế học', 'Backfill', 'VN', 'Phòng khảo thí', 'Phòng khảo thí', 'FURNITURE', 'GHE_HOC', NULL, NULL, NULL, 20, NULL, NULL, NULL, NULL, NULL, NULL, NULL, 83, 'IN_USE', 'AUTO_BACKFILL_ROOM_COUNT', '2026-05-12 14:31:56', '2026-05-12 14:31:56'),
(392, 'BF-83-LOA_AM_TRAN', 'Loa âm trần', 'Backfill', 'VN', 'Phòng khảo thí', 'Phòng khảo thí', 'LAB_EQUIPMENT', 'LOA_AM_TRAN', NULL, NULL, NULL, 2, NULL, NULL, NULL, NULL, NULL, NULL, NULL, 83, 'IN_USE', 'AUTO_BACKFILL_ROOM_COUNT', '2026-05-12 14:31:56', '2026-05-12 14:31:56'),
(393, 'BF-83-MAY_LANH', 'Máy lạnh', 'Backfill', 'VN', 'Phòng khảo thí', 'Phòng khảo thí', 'LAB_EQUIPMENT', 'MAY_LANH', NULL, NULL, NULL, 2, NULL, NULL, NULL, NULL, NULL, NULL, NULL, 83, 'IN_USE', 'AUTO_BACKFILL_ROOM_COUNT', '2026-05-12 14:31:56', '2026-05-12 14:31:56'),
(394, 'BF-83-MICROPHONE', 'Microphone', 'Backfill', 'VN', 'Phòng khảo thí', 'Phòng khảo thí', 'LAB_EQUIPMENT', 'MICROPHONE', NULL, NULL, NULL, 1, NULL, NULL, NULL, NULL, NULL, NULL, NULL, 83, 'IN_USE', 'AUTO_BACKFILL_ROOM_COUNT', '2026-05-12 14:31:56', '2026-05-12 14:31:56'),
(395, 'BF-84-BAN_HOC', 'Bàn học', 'Backfill', 'VN', 'Khoa Công trình', 'Khoa Công trình', 'FURNITURE', 'BAN_HOC', NULL, NULL, NULL, 15, NULL, NULL, NULL, NULL, NULL, NULL, NULL, 84, 'IN_USE', 'AUTO_BACKFILL_ROOM_COUNT', '2026-05-12 14:31:56', '2026-05-12 14:31:56'),
(396, 'BF-84-GHE_HOC', 'Ghế học', 'Backfill', 'VN', 'Khoa Công trình', 'Khoa Công trình', 'FURNITURE', 'GHE_HOC', NULL, NULL, NULL, 30, NULL, NULL, NULL, NULL, NULL, NULL, NULL, 84, 'IN_USE', 'AUTO_BACKFILL_ROOM_COUNT', '2026-05-12 14:31:56', '2026-05-12 14:31:56'),
(397, 'BF-84-LOA_AM_TRAN', 'Loa âm trần', 'Backfill', 'VN', 'Khoa Công trình', 'Khoa Công trình', 'LAB_EQUIPMENT', 'LOA_AM_TRAN', NULL, NULL, NULL, 2, NULL, NULL, NULL, NULL, NULL, NULL, NULL, 84, 'IN_USE', 'AUTO_BACKFILL_ROOM_COUNT', '2026-05-12 14:31:56', '2026-05-12 14:31:56'),
(398, 'BF-84-MAY_LANH', 'Máy lạnh', 'Backfill', 'VN', 'Khoa Công trình', 'Khoa Công trình', 'LAB_EQUIPMENT', 'MAY_LANH', NULL, NULL, NULL, 2, NULL, NULL, NULL, NULL, NULL, NULL, NULL, 84, 'IN_USE', 'AUTO_BACKFILL_ROOM_COUNT', '2026-05-12 14:31:56', '2026-05-12 14:31:56'),
(399, 'BF-84-MICROPHONE', 'Microphone', 'Backfill', 'VN', 'Khoa Công trình', 'Khoa Công trình', 'LAB_EQUIPMENT', 'MICROPHONE', NULL, NULL, NULL, 1, NULL, NULL, NULL, NULL, NULL, NULL, NULL, 84, 'IN_USE', 'AUTO_BACKFILL_ROOM_COUNT', '2026-05-12 14:31:56', '2026-05-12 14:31:56'),
(400, 'BF-85-BAN_HOC', 'Bàn học', 'Backfill', 'VN', 'Khoa Vận tải – Kinh tế', 'Khoa Vận tải – Kinh tế', 'FURNITURE', 'BAN_HOC', NULL, NULL, NULL, 15, NULL, NULL, NULL, NULL, NULL, NULL, NULL, 85, 'IN_USE', 'AUTO_BACKFILL_ROOM_COUNT', '2026-05-12 14:31:56', '2026-05-12 14:31:56'),
(401, 'BF-85-GHE_HOC', 'Ghế học', 'Backfill', 'VN', 'Khoa Vận tải – Kinh tế', 'Khoa Vận tải – Kinh tế', 'FURNITURE', 'GHE_HOC', NULL, NULL, NULL, 30, NULL, NULL, NULL, NULL, NULL, NULL, NULL, 85, 'IN_USE', 'AUTO_BACKFILL_ROOM_COUNT', '2026-05-12 14:31:56', '2026-05-12 14:31:56'),
(402, 'BF-85-LOA_AM_TRAN', 'Loa âm trần', 'Backfill', 'VN', 'Khoa Vận tải – Kinh tế', 'Khoa Vận tải – Kinh tế', 'LAB_EQUIPMENT', 'LOA_AM_TRAN', NULL, NULL, NULL, 2, NULL, NULL, NULL, NULL, NULL, NULL, NULL, 85, 'IN_USE', 'AUTO_BACKFILL_ROOM_COUNT', '2026-05-12 14:31:56', '2026-05-12 14:31:56'),
(403, 'BF-85-MAY_LANH', 'Máy lạnh', 'Backfill', 'VN', 'Khoa Vận tải – Kinh tế', 'Khoa Vận tải – Kinh tế', 'LAB_EQUIPMENT', 'MAY_LANH', NULL, NULL, NULL, 2, NULL, NULL, NULL, NULL, NULL, NULL, NULL, 85, 'IN_USE', 'AUTO_BACKFILL_ROOM_COUNT', '2026-05-12 14:31:56', '2026-05-12 14:31:56'),
(404, 'BF-85-MICROPHONE', 'Microphone', 'Backfill', 'VN', 'Khoa Vận tải – Kinh tế', 'Khoa Vận tải – Kinh tế', 'LAB_EQUIPMENT', 'MICROPHONE', NULL, NULL, NULL, 1, NULL, NULL, NULL, NULL, NULL, NULL, NULL, 85, 'IN_USE', 'AUTO_BACKFILL_ROOM_COUNT', '2026-05-12 14:31:56', '2026-05-12 14:31:56'),
(405, 'BF-86-BAN_HOC', 'Bàn học', 'Backfill', 'VN', 'Khoa Khoa học Cơ bản', 'Khoa Khoa học Cơ bản', 'FURNITURE', 'BAN_HOC', NULL, NULL, NULL, 15, NULL, NULL, NULL, NULL, NULL, NULL, NULL, 86, 'IN_USE', 'AUTO_BACKFILL_ROOM_COUNT', '2026-05-12 14:31:56', '2026-05-12 14:31:56'),
(406, 'BF-86-GHE_HOC', 'Ghế học', 'Backfill', 'VN', 'Khoa Khoa học Cơ bản', 'Khoa Khoa học Cơ bản', 'FURNITURE', 'GHE_HOC', NULL, NULL, NULL, 30, NULL, NULL, NULL, NULL, NULL, NULL, NULL, 86, 'IN_USE', 'AUTO_BACKFILL_ROOM_COUNT', '2026-05-12 14:31:56', '2026-05-12 14:31:56'),
(407, 'BF-86-LOA_AM_TRAN', 'Loa âm trần', 'Backfill', 'VN', 'Khoa Khoa học Cơ bản', 'Khoa Khoa học Cơ bản', 'LAB_EQUIPMENT', 'LOA_AM_TRAN', NULL, NULL, NULL, 2, NULL, NULL, NULL, NULL, NULL, NULL, NULL, 86, 'IN_USE', 'AUTO_BACKFILL_ROOM_COUNT', '2026-05-12 14:31:56', '2026-05-12 14:31:56'),
(408, 'BF-86-MAY_LANH', 'Máy lạnh', 'Backfill', 'VN', 'Khoa Khoa học Cơ bản', 'Khoa Khoa học Cơ bản', 'LAB_EQUIPMENT', 'MAY_LANH', NULL, NULL, NULL, 2, NULL, NULL, NULL, NULL, NULL, NULL, NULL, 86, 'IN_USE', 'AUTO_BACKFILL_ROOM_COUNT', '2026-05-12 14:31:56', '2026-05-12 14:31:56'),
(409, 'BF-86-MICROPHONE', 'Microphone', 'Backfill', 'VN', 'Khoa Khoa học Cơ bản', 'Khoa Khoa học Cơ bản', 'LAB_EQUIPMENT', 'MICROPHONE', NULL, NULL, NULL, 1, NULL, NULL, NULL, NULL, NULL, NULL, NULL, 86, 'IN_USE', 'AUTO_BACKFILL_ROOM_COUNT', '2026-05-12 14:31:56', '2026-05-12 14:31:56');


-- Bảng: requests
CREATE TABLE `requests` (
  `id` bigint unsigned NOT NULL AUTO_INCREMENT,
  `title` varchar(200) COLLATE utf8mb4_unicode_ci NOT NULL,
  `note` varchar(1000) COLLATE utf8mb4_unicode_ci DEFAULT NULL,
  `manager_group` varchar(100) COLLATE utf8mb4_unicode_ci DEFAULT NULL,
  `priority` varchar(30) COLLATE utf8mb4_unicode_ci DEFAULT NULL,
  `manager_name` varchar(150) COLLATE utf8mb4_unicode_ci DEFAULT NULL,
  `attachment_url` varchar(255) COLLATE utf8mb4_unicode_ci DEFAULT NULL,
  `status` varchar(30) COLLATE utf8mb4_unicode_ci NOT NULL DEFAULT 'NEW',
  `is_draft` tinyint(1) NOT NULL DEFAULT '0',
  `created_by_user_id` bigint unsigned DEFAULT NULL,
  `assigned_to_user_id` bigint unsigned DEFAULT NULL,
  `created_at` datetime NOT NULL DEFAULT CURRENT_TIMESTAMP,
  `updated_at` datetime NOT NULL DEFAULT CURRENT_TIMESTAMP ON UPDATE CURRENT_TIMESTAMP,
  PRIMARY KEY (`id`),
  KEY `idx_requests_status` (`status`),
  KEY `idx_requests_created_by_user_id` (`created_by_user_id`),
  KEY `idx_requests_assigned_to_user_id` (`assigned_to_user_id`),
  CONSTRAINT `fk_requests_created_by_user_id` FOREIGN KEY (`created_by_user_id`) REFERENCES `users` (`id`),
  CONSTRAINT `fk_requests_assigned_to_user_id` FOREIGN KEY (`assigned_to_user_id`) REFERENCES `users` (`id`)
) ENGINE=InnoDB AUTO_INCREMENT=51 DEFAULT CHARSET=utf8mb4 COLLATE=utf8mb4_unicode_ci;

-- NEW (không nháp): manager_name và assigned_to_user_id = NULL. Đã xử lý: gán assigned_to_user_id theo users.id.
INSERT INTO `requests` (`id`, `title`, `note`, `manager_group`, `priority`, `manager_name`, `attachment_url`, `status`, `is_draft`, `created_by_user_id`, `assigned_to_user_id`, `created_at`, `updated_at`) VALUES
(1, 'Yêu cầu sửa chữa máy lạnh phòng P303C2', 'Máy lạnh tại phòng P303C2 bị hỏng máy nén - không làm lạnh được. Đề nghị kiểm tra và sửa chữa gấp.', 'CSVC', 'HIGH', NULL, NULL, 'NEW', 0, 1, NULL, '2026-05-12 14:31:56', '2026-05-12 14:31:56'),
(2, 'Yêu cầu cấp máy tính cho phòng 301DN', 'Phòng máy tính 301DN hiện có 10 máy hỏng cần thay thế. Đề nghị cấp bổ sung 10 máy tính mới.', 'CNTT', 'HIGH', 'Bùi Thị Hồng Nhung', NULL, 'IN_PROGRESS', 0, 7, 7, '2026-05-12 14:31:56', '2026-05-12 14:31:56'),
(3, 'Yêu cầu thay bóng đèn hành lang tòa C2', 'Hệ thống đèn hành lang tầng 2 và tầng 3 tòa C2 bị hỏng nhiều bóng. Đề nghị thay thế toàn bộ.', 'CSVC', 'NORMAL', 'Trần Thị Lan Anh', NULL, 'RESOLVED', 0, 4, 2, '2026-05-12 14:31:56', '2026-05-12 14:31:56'),
(4, 'Yêu cầu bổ sung bàn ghế phòng 504DN', 'Phòng 504DN hiện thiếu 10 bộ bàn ghế do số lượng sinh viên tăng. Đề nghị bổ sung sớm.', 'CSVC', 'NORMAL', 'Hoàng Văn Bình', NULL, 'DRAFT', 1, 8, NULL, '2026-05-12 14:31:56', '2026-05-12 14:31:56'),
(5, 'Yêu cầu sửa chữa máy chiếu phòng P404C2', 'Máy chiếu tại phòng P404C2 bị lỗi không hiển thị hình ảnh. Giảng viên phản ánh ảnh hưởng đến giảng dạy.', 'CNTT', 'HIGH', NULL, NULL, 'NEW', 0, 7, NULL, '2026-05-12 14:31:56', '2026-05-12 14:31:56'),
(6, 'Yêu cầu vệ sinh điều hòa các phòng tòa E7', 'Điều hòa các phòng tòa E7 chưa được vệ sinh trong học kỳ này. Đề nghị lên kế hoạch vệ sinh định kỳ.', 'CSVC', 'NORMAL', 'Trần Thị Lan Anh', NULL, 'IN_PROGRESS', 0, 4, 2, '2026-05-12 14:31:56', '2026-05-12 14:31:56'),
(7, 'Yêu cầu sửa chữa bảng trắng phòng P302C2', 'Bảng trắng phòng P302C2 bị bong lớp phủ không thể xóa sạch. Đề nghị thay mới hoặc phủ lại bề mặt.', 'CSVC', 'LOW', 'Trần Thị Lan Anh', NULL, 'RESOLVED', 0, 4, 2, '2026-05-12 14:31:56', '2026-05-12 14:31:56'),
(8, 'Yêu cầu cấp phát dụng cụ cho phòng thực hành cơ khí', 'Phòng thực hành P301C2 thiếu bộ dụng cụ cơ bản cho sinh viên thực hành. Đề nghị cấp bổ sung theo danh sách đính kèm.', 'THIET_BI', 'HIGH', 'Nguyễn Đức Thắng', NULL, 'DRAFT', 1, 6, NULL, '2026-05-12 14:31:56', '2026-05-12 14:31:56'),
(9, 'Yêu cầu sửa chữa hệ thống loa phòng 401DN', 'Loa phòng 401DN phát ra tiếng rè không rõ. Ảnh hưởng đến chất lượng nghe giảng của sinh viên.', 'CSVC', 'NORMAL', NULL, NULL, 'NEW', 0, 9, NULL, '2026-05-12 14:31:56', '2026-05-12 14:31:56'),
(10, 'Yêu cầu nâng cấp mạng LAN phòng P1E6', 'Hạ tầng mạng P1E6 cũ kỹ, tốc độ chậm. Đề nghị nâng cấp hệ thống switch và dây cáp mạng.', 'CNTT', 'HIGH', 'Bùi Thị Hồng Nhung', NULL, 'IN_PROGRESS', 0, 7, 7, '2026-05-12 14:31:56', '2026-05-12 14:31:56'),
(11, 'Yêu cầu thay kính cửa phòng P501C2', 'Kính cửa phòng P501C2 bị nứt vỡ do va đập. Đề nghị thay thế để đảm bảo an toàn.', 'CSVC', 'HIGH', 'Đặng Thị Thu Hằng', NULL, 'RESOLVED', 0, 4, 9, '2026-05-12 14:31:56', '2026-05-12 14:31:56'),
(12, 'Yêu cầu bảo trì máy móc phòng thực hành ô tô', 'Thiết bị tại P2E5 và P504C2 cần được bảo dưỡng định kỳ trước đầu học kỳ mới.', 'THIET_BI', 'NORMAL', 'Phan Minh Khoa', NULL, 'DRAFT', 1, 10, NULL, '2026-05-12 14:31:56', '2026-05-12 14:31:56'),
(13, 'Yêu cầu sửa chữa toilet tầng 2 tòa C2', 'Toilet tầng 2 tòa C2 có 2 bồn cầu hỏng và hệ thống xả nước không hoạt động. Đề nghị sửa chữa gấp.', 'CSVC', 'HIGH', NULL, NULL, 'NEW', 0, 4, NULL, '2026-05-12 14:31:56', '2026-05-12 14:31:56'),
(14, 'Yêu cầu cấp mực in cho văn phòng khoa', 'Văn phòng Khoa Công nghệ Thông tin hết mực in. Đề nghị cấp bổ sung 5 hộp mực HP.', 'CNTT', 'NORMAL', 'Bùi Thị Hồng Nhung', NULL, 'IN_PROGRESS', 0, 7, 7, '2026-05-12 14:31:56', '2026-05-12 14:31:56'),
(15, 'Yêu cầu sửa chữa rèm cửa phòng 201DN', 'Rèm cửa phòng 201DN bị đứt dây kéo, không điều chỉnh được. Ảnh hưởng đến ánh sáng phòng học.', 'CSVC', 'LOW', 'Trần Thị Lan Anh', NULL, 'RESOLVED', 0, 4, 2, '2026-05-12 14:31:56', '2026-05-12 14:31:56'),
(16, 'Yêu cầu lắp đặt camera an ninh khu vực thực hành', 'Khu vực thực hành cơ khí và phòng thực hành ô tô chưa có camera giám sát. Đề nghị lắp đặt để đảm bảo an ninh.', 'CSVC', 'NORMAL', 'Nguyễn Minh Tuấn', NULL, 'DRAFT', 1, 1, NULL, '2026-05-12 14:31:56', '2026-05-12 14:31:56'),
(17, 'Yêu cầu sửa chữa thang máy tòa E7', 'Thang máy tòa E7 thường xuyên bị lỗi, dừng giữa chừng. Đề nghị bảo trì khẩn cấp.', 'CSVC', 'HIGH', NULL, NULL, 'NEW', 0, 4, NULL, '2026-05-12 14:31:56', '2026-05-12 14:31:56'),
(18, 'Yêu cầu cấp thiết bị bảo hộ cho sinh viên thực hành', 'Sinh viên thực hành tại phòng thực hành thiếu kính bảo hộ và găng tay. Đề nghị cấp đủ số lượng.', 'THIET_BI', 'HIGH', 'Nguyễn Đức Thắng', NULL, 'IN_PROGRESS', 0, 6, 6, '2026-05-12 14:31:56', '2026-05-12 14:31:56'),
(19, 'Yêu cầu sơn lại phòng học P201C2', 'Phòng P201C2 tường bị ố vàng, bong tróc sơn. Đề nghị sơn lại trước khai giảng năm học mới.', 'CSVC', 'NORMAL', 'Trần Thị Lan Anh', NULL, 'RESOLVED', 0, 4, 2, '2026-05-12 14:31:56', '2026-05-12 14:31:56'),
(20, 'Yêu cầu thay thế máy tính hỏng phòng P1E4', '3 máy tính trong phòng P1E4 không khởi động được. Đề nghị sửa chữa hoặc thay thế mới.', 'CNTT', 'NORMAL', 'Đặng Thị Thu Hằng', NULL, 'DRAFT', 1, 9, NULL, '2026-05-12 14:31:56', '2026-05-12 14:31:56'),
(21, 'Yêu cầu bảo trì hệ thống điện phòng thực hành P102E7', 'Hệ thống điện phòng thực hành P102E7 xuất hiện sự cố chập chờn. Cần kiểm tra và bảo trì ngay.', 'THIET_BI', 'HIGH', NULL, NULL, 'NEW', 0, 9, NULL, '2026-05-12 14:31:56', '2026-05-12 14:31:56'),
(22, 'Yêu cầu cấp bảng vẽ kỹ thuật phòng P5E8', 'Phòng vẽ P5E8 thiếu 5 bảng vẽ kỹ thuật cho sinh viên. Đề nghị bổ sung trước tuần 3 của học kỳ.', 'THIET_BI', 'NORMAL', 'Hoàng Văn Bình', NULL, 'IN_PROGRESS', 0, 8, 8, '2026-05-12 14:31:56', '2026-05-12 14:31:56'),
(23, 'Yêu cầu sửa chữa hệ thống chiếu sáng phòng thực hành', 'Đèn tại P301C2 và P1E3 bị hỏng một số bóng. Ảnh hưởng đến an toàn khi thực hành.', 'CSVC', 'HIGH', 'Nguyễn Đức Thắng', NULL, 'RESOLVED', 0, 6, 6, '2026-05-12 14:31:56', '2026-05-12 14:31:56'),
(24, 'Yêu cầu thanh lý tài sản hỏng học kỳ I/2024', 'Danh sách tài sản hỏng không sửa được cần được lập hồ sơ thanh lý theo quy định. Đính kèm danh sách.', 'THIET_BI', 'NORMAL', 'Nguyễn Minh Tuấn', NULL, 'DRAFT', 1, 1, NULL, '2026-05-12 14:31:56', '2026-05-12 14:31:56'),
(25, 'Yêu cầu cấp mô hình học cụ cho Khoa Ô tô', 'Khoa Kỹ thuật Ô tô cần bổ sung mô hình động cơ mới phục vụ đào tạo học kỳ II.', 'THIET_BI', 'HIGH', NULL, NULL, 'NEW', 0, 10, NULL, '2026-05-12 14:31:56', '2026-05-12 14:31:56'),
(26, 'Yêu cầu sửa chữa cửa phòng P3E6', 'Cửa phòng P3E6 bị hỏng bản lề, không đóng kín. Ảnh hưởng đến bảo mật thiết bị trong phòng.', 'CSVC', 'NORMAL', 'Hoàng Văn Bình', NULL, 'IN_PROGRESS', 0, 8, 8, '2026-05-12 14:31:56', '2026-05-12 14:31:56'),
(27, 'Yêu cầu vệ sinh máy tính phòng 301DN', 'Máy tính phòng 301DN bụi bẩn, cần vệ sinh định kỳ để đảm bảo tuổi thọ thiết bị.', 'CNTT', 'LOW', 'Bùi Thị Hồng Nhung', NULL, 'RESOLVED', 0, 7, 7, '2026-05-12 14:31:56', '2026-05-12 14:31:56'),
(28, 'Yêu cầu lắp thêm ổ cắm điện phòng P3E4', 'Phòng P3E4 thiếu ổ cắm điện cho sinh viên sạc thiết bị trong giờ thực hành. Đề nghị lắp bổ sung.', 'CSVC', 'NORMAL', 'Đặng Thị Thu Hằng', NULL, 'DRAFT', 1, 9, NULL, '2026-05-12 14:31:56', '2026-05-12 14:31:56'),
(29, 'Yêu cầu sửa chữa hàng rào khu vực thực hành', 'Hàng rào khu vực thực hành có đoạn bị gãy đổ. Cần sửa chữa để đảm bảo an toàn và bảo vệ tài sản.', 'CSVC', 'HIGH', NULL, NULL, 'NEW', 0, 4, NULL, '2026-05-12 14:31:56', '2026-05-12 14:31:56'),
(30, 'Yêu cầu nâng cấp phần mềm máy tính P1E6', 'Phần mềm chuyên ngành trên máy tính P1E6 đã cũ cần cập nhật phiên bản mới.', 'CNTT', 'NORMAL', 'Bùi Thị Hồng Nhung', NULL, 'IN_PROGRESS', 0, 7, 7, '2026-05-12 14:31:56', '2026-05-12 14:31:56'),
(31, 'Yêu cầu sửa chữa máy chiếu phòng P2E4', 'Máy chiếu phòng P2E4 không lấy nét được, hình ảnh bị mờ. Cần sửa chữa trước khi giảng dạy học kỳ mới.', 'THIET_BI', 'NORMAL', 'Nguyễn Đức Thắng', NULL, 'RESOLVED', 0, 6, 6, '2026-05-12 14:31:56', '2026-05-12 14:31:56'),
(32, 'Yêu cầu cấp dụng cụ vệ sinh cho các phòng học', 'Các phòng học tòa C2 và tòa E7 thiếu dụng cụ vệ sinh cơ bản. Đề nghị cấp bổ sung theo số phòng.', 'CSVC', 'LOW', 'Trần Thị Lan Anh', NULL, 'DRAFT', 1, 4, NULL, '2026-05-12 14:31:56', '2026-05-12 14:31:56'),
(33, 'Yêu cầu kiểm tra và bảo dưỡng máy bơm nước', 'Hệ thống máy bơm nước tòa E5 hoạt động không ổn định. Cần kiểm tra và bảo dưỡng định kỳ.', 'CSVC', 'HIGH', NULL, NULL, 'NEW', 0, 4, NULL, '2026-05-12 14:31:56', '2026-05-12 14:31:56'),
(34, 'Yêu cầu cấp bổ sung ghế cho hội trường', 'Hội trường thiếu 30 ghế cho các sự kiện lớn của trường. Đề nghị mua bổ sung hoặc mượn từ kho.', 'CSVC', 'NORMAL', 'Nguyễn Minh Tuấn', NULL, 'IN_PROGRESS', 0, 1, 1, '2026-05-12 14:31:56', '2026-05-12 14:31:56'),
(35, 'Yêu cầu sửa chữa loa treo tường phòng 404DN', 'Loa phòng 404DN phát ra tiếng lạch cạch, âm thanh không rõ. Ảnh hưởng đến chất lượng giảng dạy.', 'THIET_BI', 'NORMAL', 'Đặng Thị Thu Hằng', NULL, 'RESOLVED', 0, 9, 9, '2026-05-12 14:31:56', '2026-05-12 14:31:56'),
(36, 'Yêu cầu cấp thiết bị đo lường cho P3E5', 'Phòng thực hành P3E5 thiếu đồng hồ vạn năng và thiết bị đo lường điện cho sinh viên thực hành.', 'THIET_BI', 'HIGH', 'Đặng Thị Thu Hằng', NULL, 'DRAFT', 1, 9, NULL, '2026-05-12 14:31:56', '2026-05-12 14:31:56'),
(37, 'Yêu cầu sửa chữa ổ khóa văn phòng khoa CK', 'Ổ khóa văn phòng Khoa Cơ khí bị hỏng không mở được. Đề nghị thay khóa mới ngay.', 'CSVC', 'HIGH', NULL, NULL, 'NEW', 0, 6, NULL, '2026-05-12 14:31:56', '2026-05-12 14:31:56'),
(38, 'Yêu cầu vệ sinh bể nước mái tòa C2', 'Bể nước mái tòa C2 chưa được vệ sinh trong 6 tháng. Đề nghị vệ sinh định kỳ theo quy định.', 'CSVC', 'NORMAL', 'Trần Thị Lan Anh', NULL, 'IN_PROGRESS', 0, 4, 2, '2026-05-12 14:31:56', '2026-05-12 14:31:56'),
(39, 'Yêu cầu sửa chữa bộ mô phỏng ô tô P2E5', 'Bộ mô phỏng ô tô số 1 tại P2E5 bị lỗi phần mềm, không khởi động được. Đề nghị liên hệ nhà cung cấp sửa chữa.', 'THIET_BI', 'HIGH', 'Phan Minh Khoa', NULL, 'RESOLVED', 0, 10, 10, '2026-05-12 14:31:56', '2026-05-12 14:31:56'),
(40, 'Yêu cầu trang bị biển số phòng mới tòa E9', 'Tòa E9 mới chưa có biển số phòng. Đề nghị làm biển số đồng bộ với các tòa còn lại.', 'CSVC', 'LOW', 'Trần Thị Lan Anh', NULL, 'DRAFT', 1, 4, NULL, '2026-05-12 14:31:56', '2026-05-12 14:31:56'),
(41, 'Yêu cầu cấp máy in cho văn phòng Khoa XD', 'Máy in văn phòng Khoa Xây dựng bị hỏng không sửa được. Đề nghị mua thay thế mới.', 'CNTT', 'NORMAL', NULL, NULL, 'NEW', 0, 8, NULL, '2026-05-12 14:31:56', '2026-05-12 14:31:56'),
(42, 'Yêu cầu sửa chữa mô hình động cơ diesel P301C2', 'Mô hình động cơ diesel tại P301C2 bị hỏng hệ thống nhiên liệu. Cần sửa chữa trước học kỳ II.', 'THIET_BI', 'HIGH', 'Nguyễn Đức Thắng', NULL, 'IN_PROGRESS', 0, 6, 6, '2026-05-12 14:31:56', '2026-05-12 14:31:56'),
(43, 'Yêu cầu lắp đặt wifi cho phòng 203DN', 'Phòng 203DN chưa có wifi nên sinh viên không thể học trực tuyến. Đề nghị lắp đặt access point.', 'CNTT', 'NORMAL', 'Trần Thị Lan Anh', NULL, 'RESOLVED', 0, 4, 2, '2026-05-12 14:31:56', '2026-05-12 14:31:56'),
(44, 'Yêu cầu cấp bổ sung bàn vẽ kỹ thuật', 'Phòng vẽ P2E3 thiếu 5 bàn vẽ kỹ thuật cho sinh viên năm nhất Khoa Xây dựng. Đề nghị cấp gấp.', 'THIET_BI', 'HIGH', 'Hoàng Văn Bình', NULL, 'DRAFT', 1, 8, NULL, '2026-05-12 14:31:56', '2026-05-12 14:31:56'),
(45, 'Yêu cầu thay thế switch mạng P4E5', 'Switch mạng phòng P4E5 bị lỗi, không ổn định. Đề nghị thay thế để đảm bảo kết nối mạng.', 'CNTT', 'HIGH', NULL, NULL, 'NEW', 0, 5, NULL, '2026-05-12 14:31:56', '2026-05-12 14:31:56'),
(46, 'Yêu cầu sơn kẻ đường đi trong khuôn viên', 'Đường đi bộ và kẻ vạch đỗ xe trong khuôn viên bị mờ. Đề nghị kẻ lại để đảm bảo an toàn.', 'CSVC', 'NORMAL', 'Trần Thị Lan Anh', NULL, 'IN_PROGRESS', 0, 4, 2, '2026-05-12 14:31:56', '2026-05-12 14:31:56'),
(47, 'Yêu cầu sửa chữa màn chiếu điện phòng P3E4', 'Màn chiếu điện phòng P3E4 bị hỏng motor, không cuộn lên được. Đề nghị sửa chữa hoặc thay mới.', 'THIET_BI', 'NORMAL', 'Đặng Thị Thu Hằng', NULL, 'RESOLVED', 0, 9, 9, '2026-05-12 14:31:56', '2026-05-12 14:31:56'),
(48, 'Yêu cầu kiểm tra hệ thống PCCC toàn trường', 'Hệ thống phòng cháy chữa cháy cần được kiểm tra định kỳ 6 tháng/lần. Đề nghị lên kế hoạch kiểm tra.', 'CSVC', 'HIGH', 'Nguyễn Minh Tuấn', NULL, 'DRAFT', 1, 1, NULL, '2026-05-12 14:31:56', '2026-05-12 14:31:56'),
(49, 'Yêu cầu cấp bổ sung ghế xoay cho P1E3', 'Phòng thực hành P1E3 thiếu 8 ghế xoay cho sinh viên ngồi thực hành lý thuyết tại chỗ.', 'THIET_BI', 'NORMAL', NULL, NULL, 'NEW', 0, 6, NULL, '2026-05-12 14:31:56', '2026-05-12 14:31:56'),
(50, 'Yêu cầu sửa chữa hệ thống chiếu sáng sân trường', 'Một số đèn chiếu sáng sân trường bị hỏng, gây mất an toàn vào ban đêm. Đề nghị thay thế gấp.', 'CSVC', 'HIGH', 'Trần Thị Lan Anh', NULL, 'IN_PROGRESS', 0, 4, 2, '2026-05-12 14:31:56', '2026-05-12 14:31:56');

-- Bảng: audits (kiểm kê định kỳ)
CREATE TABLE `audits` (
  `id` bigint unsigned NOT NULL AUTO_INCREMENT,
  `name` varchar(200) COLLATE utf8mb4_unicode_ci NOT NULL,
  `scope_type` varchar(20) COLLATE utf8mb4_unicode_ci NOT NULL COMMENT 'BUILDING|ROOM',
  `scope_value` varchar(100) COLLATE utf8mb4_unicode_ci NOT NULL,
  `status` varchar(20) COLLATE utf8mb4_unicode_ci NOT NULL DEFAULT 'IN_PROGRESS' COMMENT 'DRAFT|IN_PROGRESS|COMPLETED',
  `created_by` bigint unsigned DEFAULT NULL,
  `started_at` datetime NOT NULL DEFAULT CURRENT_TIMESTAMP,
  `completed_at` datetime DEFAULT NULL,
  `created_at` datetime NOT NULL DEFAULT CURRENT_TIMESTAMP,
  `updated_at` datetime NOT NULL DEFAULT CURRENT_TIMESTAMP ON UPDATE CURRENT_TIMESTAMP,
  PRIMARY KEY (`id`),
  KEY `idx_audits_status` (`status`),
  KEY `idx_audits_scope` (`scope_type`,`scope_value`),
  CONSTRAINT `fk_audits_created_by` FOREIGN KEY (`created_by`) REFERENCES `users` (`id`) ON DELETE SET NULL
) ENGINE=InnoDB DEFAULT CHARSET=utf8mb4 COLLATE=utf8mb4_unicode_ci;

CREATE TABLE `audit_details` (
  `id` bigint unsigned NOT NULL AUTO_INCREMENT,
  `audit_id` bigint unsigned NOT NULL,
  `asset_id` bigint unsigned DEFAULT NULL,
  `card_number` varchar(50) COLLATE utf8mb4_unicode_ci NOT NULL,
  `asset_name` varchar(200) COLLATE utf8mb4_unicode_ci NOT NULL,
  `system_qty` int NOT NULL DEFAULT '0',
  `system_room` varchar(100) COLLATE utf8mb4_unicode_ci DEFAULT NULL,
  `system_status` varchar(30) COLLATE utf8mb4_unicode_ci NOT NULL,
  `actual_qty` int DEFAULT NULL,
  `actual_room` varchar(100) COLLATE utf8mb4_unicode_ci DEFAULT NULL,
  `actual_status` varchar(30) COLLATE utf8mb4_unicode_ci DEFAULT NULL,
  `note` text COLLATE utf8mb4_unicode_ci,
  `matched` tinyint(1) NOT NULL DEFAULT '0',
  `discrepancy_type` varchar(30) COLLATE utf8mb4_unicode_ci DEFAULT NULL COMMENT 'THIEU|SAI_VI_TRI|HONG|KHAC',
  `room_floor` int DEFAULT NULL,
  `room_code` varchar(50) COLLATE utf8mb4_unicode_ci DEFAULT NULL,
  PRIMARY KEY (`id`),
  KEY `idx_audit_details_audit` (`audit_id`),
  KEY `idx_audit_details_sort` (`audit_id`,`room_floor`,`room_code`),
  CONSTRAINT `fk_audit_details_audit` FOREIGN KEY (`audit_id`) REFERENCES `audits` (`id`) ON DELETE CASCADE,
  CONSTRAINT `fk_audit_details_asset` FOREIGN KEY (`asset_id`) REFERENCES `assets` (`id`) ON DELETE SET NULL
) ENGINE=InnoDB DEFAULT CHARSET=utf8mb4 COLLATE=utf8mb4_unicode_ci;

-- Bảng: room_usage_slots (dùng cho lọc lịch theo ngày/ca ở trang phòng học)
CREATE TABLE IF NOT EXISTS `room_usage_slots` (
  `id` bigint unsigned NOT NULL AUTO_INCREMENT,
  `room_code` varchar(80) COLLATE utf8mb4_unicode_ci NOT NULL,
  `weekday` int NOT NULL COMMENT '2..7 tương ứng Thứ 2..Thứ 7',
  `shift` varchar(20) COLLATE utf8mb4_unicode_ci NOT NULL COMMENT 'MORNING/AFTERNOON/EVENING',
  `period_label` varchar(20) COLLATE utf8mb4_unicode_ci NOT NULL,
  `period_start` int DEFAULT NULL,
  `period_end` int DEFAULT NULL,
  `usage_label` varchar(255) COLLATE utf8mb4_unicode_ci NOT NULL,
  `owner_unit` varchar(150) COLLATE utf8mb4_unicode_ci DEFAULT NULL,
  `primary_contact` varchar(150) COLLATE utf8mb4_unicode_ci DEFAULT NULL,
  `assistant_contact` varchar(150) COLLATE utf8mb4_unicode_ci DEFAULT NULL,
  `semester` varchar(30) COLLATE utf8mb4_unicode_ci NOT NULL,
  `valid_from` date DEFAULT NULL,
  `valid_to` date DEFAULT NULL,
  PRIMARY KEY (`id`),
  KEY `idx_room_usage_slots_room` (`room_code`),
  KEY `idx_room_usage_slots_semester` (`semester`),
  KEY `idx_room_usage_slots_weekday` (`weekday`),
  KEY `idx_room_usage_slots_shift` (`shift`)
) ENGINE=InnoDB DEFAULT CHARSET=utf8mb4 COLLATE=utf8mb4_unicode_ci;

-- Lịch học (room_usage_slots): seed qua seed_tkb.sql (Docker init 02).

-- Bảng: asset_transfers
CREATE TABLE `asset_transfers` (
  `id` bigint unsigned NOT NULL AUTO_INCREMENT,
  `asset_id` bigint unsigned NOT NULL,
  `source_building` varchar(50) COLLATE utf8mb4_unicode_ci DEFAULT NULL,
  `source_classroom` varchar(100) COLLATE utf8mb4_unicode_ci DEFAULT NULL,
  `giver_user_id` bigint unsigned DEFAULT NULL,
  `receiver_user_id` bigint unsigned DEFAULT NULL,
  `target_building` varchar(50) COLLATE utf8mb4_unicode_ci DEFAULT NULL,
  `target_classroom` varchar(100) COLLATE utf8mb4_unicode_ci DEFAULT NULL,
  `received_date` date DEFAULT NULL,
  `note` varchar(500) COLLATE utf8mb4_unicode_ci DEFAULT NULL,
  `created_at` datetime NOT NULL DEFAULT CURRENT_TIMESTAMP,
  PRIMARY KEY (`id`),
  KEY `idx_asset_transfers_asset_id` (`asset_id`),
  KEY `idx_asset_transfers_received_date` (`received_date`),
  KEY `fk_asset_transfers_giver_user_id` (`giver_user_id`),
  KEY `fk_asset_transfers_receiver_user_id` (`receiver_user_id`),
  CONSTRAINT `fk_asset_transfers_asset_id` FOREIGN KEY (`asset_id`) REFERENCES `assets` (`id`),
  CONSTRAINT `fk_asset_transfers_giver_user_id` FOREIGN KEY (`giver_user_id`) REFERENCES `users` (`id`),
  CONSTRAINT `fk_asset_transfers_receiver_user_id` FOREIGN KEY (`receiver_user_id`) REFERENCES `users` (`id`)
) ENGINE=InnoDB DEFAULT CHARSET=utf8mb4 COLLATE=utf8mb4_unicode_ci;

-- Không seed: lịch sử điều chuyển ghi qua POST /api/assets/{id}/transfer

SET FOREIGN_KEY_CHECKS = 1;


-- RBAC tables and demo seed used by the current backend build.
USE asset_management;

CREATE TABLE IF NOT EXISTS fm_menu_permissions (
  id BIGINT UNSIGNED NOT NULL AUTO_INCREMENT,
  parent_id BIGINT UNSIGNED DEFAULT NULL,
  title VARCHAR(200) NOT NULL,
  menu_name VARCHAR(120) NOT NULL,
  path VARCHAR(500) DEFAULT NULL,
  permission_type INT NOT NULL DEFAULT 0 COMMENT '-1=NAV, 0=PAGE',
  sort_order INT NOT NULL DEFAULT 0,
  PRIMARY KEY (id),
  KEY idx_fm_menu_parent (parent_id),
  CONSTRAINT fk_fm_menu_parent FOREIGN KEY (parent_id) REFERENCES fm_menu_permissions (id) ON DELETE CASCADE
) ENGINE=InnoDB DEFAULT CHARSET=utf8mb4 COLLATE=utf8mb4_unicode_ci;

CREATE TABLE IF NOT EXISTS fm_roles (
  id BIGINT UNSIGNED NOT NULL AUTO_INCREMENT,
  code VARCHAR(50) NOT NULL,
  name VARCHAR(150) NOT NULL,
  description VARCHAR(500) DEFAULT NULL,
  sort_order INT NOT NULL DEFAULT 0,
  parent_role_id BIGINT UNSIGNED DEFAULT NULL,
  created_at DATETIME NOT NULL DEFAULT CURRENT_TIMESTAMP,
  updated_at DATETIME NOT NULL DEFAULT CURRENT_TIMESTAMP ON UPDATE CURRENT_TIMESTAMP,
  PRIMARY KEY (id),
  UNIQUE KEY uk_fm_roles_code (code),
  KEY idx_fm_roles_parent (parent_role_id),
  CONSTRAINT fk_fm_roles_parent FOREIGN KEY (parent_role_id) REFERENCES fm_roles (id) ON DELETE SET NULL
) ENGINE=InnoDB DEFAULT CHARSET=utf8mb4 COLLATE=utf8mb4_unicode_ci;

CREATE TABLE IF NOT EXISTS fm_role_menu (
  role_id BIGINT UNSIGNED NOT NULL,
  menu_id BIGINT UNSIGNED NOT NULL,
  PRIMARY KEY (role_id, menu_id),
  CONSTRAINT fk_fm_role_menu_role FOREIGN KEY (role_id) REFERENCES fm_roles (id) ON DELETE CASCADE,
  CONSTRAINT fk_fm_role_menu_menu FOREIGN KEY (menu_id) REFERENCES fm_menu_permissions (id) ON DELETE CASCADE
) ENGINE=InnoDB DEFAULT CHARSET=utf8mb4 COLLATE=utf8mb4_unicode_ci;

INSERT INTO fm_menu_permissions (id, parent_id, title, menu_name, path, permission_type, sort_order) VALUES
  (1, NULL, 'Hệ thống CSVC', 'nav_root', NULL, -1, 0),
  (2, 1, 'Người dùng', 'nav_user_block', NULL, -1, 10),
  (3, 2, 'Quản lý user', 'page_users', '/profile/users', 0, 11),
  (4, 1, 'Phòng học', 'nav_building', NULL, -1, 20),
  (5, 4, 'Quản lí phòng học', 'page_room_management', '/dashboard/room-map', 0, 21),
  (20, 1, 'Danh mục', 'nav_categories', NULL, -1, 30),
  (21, 20, 'Quản lý danh mục', 'page_categories', '/dashboard/categories', 0, 31),
  (22, 1, 'Tài sản', 'nav_assets', NULL, -1, 40),
  (23, 22, 'Quản lý tài sản', 'page_assets', '/dashboard/assets', 0, 41),
  (24, 22, 'Thống kê', 'page_statistics', '/dashboard/statistics', 0, 42),
  (25, 1, 'Liên hệ', 'nav_contact', NULL, -1, 50),
  (26, 25, 'Liên hệ', 'page_contact', '/profile/contact', 0, 51),
  (27, 1, 'Phân quyền', 'nav_rbac', NULL, -1, 60),
  (28, 27, 'Quản lý vai trò', 'page_rbac_roles', '/profile/rbac-roles', 0, 61),
  (29, 1, 'Sinh viên', 'nav_student', NULL, -1, 70),
  (30, 29, 'Tạo yêu cầu xử lý', 'page_student_create', '/student/request-create', 0, 71),
  (31, 29, 'Yêu cầu đã gửi', 'page_student_sent', '/student/request-sent', 0, 72),
  (32, 29, 'Yêu cầu đã lưu', 'page_student_drafts', '/student/request-drafts', 0, 73),
  (35, 1, 'Quản lý công việc', 'nav_work_mgmt', NULL, -1, 44),
  (36, 35, 'Chờ xử lí', 'page_work_pending', '/dashboard/requests?view=pending', 0, 441),
  (37, 35, 'Chưa hoàn thành', 'page_work_incomplete', '/dashboard/requests?view=incomplete', 0, 442),
  (38, 35, 'Công việc của tôi', 'page_work_mine', '/dashboard/requests?view=mine', 0, 443),
  (39, 1, 'Kiểm tra', 'nav_inspection', NULL, -1, 47),
  (40, 39, 'Kiểm kê định kỳ', 'page_audit_periodic', '/dashboard/audit-periodic.html', 0, 471);

INSERT INTO fm_roles (id, code, name, description, sort_order, parent_role_id) VALUES (3, 'STAFF', 'Nhân viên', 'Giảng viên / nhân sự', 3, NULL);
INSERT INTO fm_roles (id, code, name, description, sort_order, parent_role_id) VALUES (2, 'MANAGER', 'Quản lý', 'Trưởng khoa / phòng', 2, 3);
INSERT INTO fm_roles (id, code, name, description, sort_order, parent_role_id) VALUES (1, 'ADMIN', 'Quản trị hệ thống', 'Toàn quyền ứng dụng', 1, 2);
INSERT INTO fm_roles (id, code, name, description, sort_order, parent_role_id) VALUES (4, 'STUDENT', 'Sinh viên', 'Tài khoản sinh viên', 4, NULL);

-- RBAC1 seed: gán menu nền cho STAFF, MANAGER kế thừa STAFF,
-- ADMIN chỉ cần gán phần mở rộng ngoài quyền nền.
INSERT INTO fm_role_menu (role_id, menu_id) VALUES
  (3, 1), (3, 2), (3, 3),
  (3, 4), (3, 5),
  (3, 20), (3, 21),
  (3, 22), (3, 23), (3, 24),
  (3, 35), (3, 36), (3, 37), (3, 38),
  (3, 39), (3, 40),
  (3, 25), (3, 26);

INSERT INTO fm_role_menu (role_id, menu_id) VALUES
  (1, 27), (1, 28),
  (1, 29), (1, 30), (1, 31), (1, 32), (1, 35), (1, 36), (1, 37), (1, 38),
  (1, 39), (1, 40),
  (4, 1), (4, 25), (4, 26), (4, 29), (4, 30), (4, 31), (4, 32);
